question,answer,model_answer,id,context_id
ساختار آب چیست؟,اکسید هیدروژن,<ANSWER>H2O</ANSWER>,1624917,114
اکسیژن با کدام عناصر در دماهای بالا پیوند شیمیایی تشکیل می‌دهد؟,تقریباً با تمام عناصر,هیدروژن و کربن,1624977,114
رضاخان دوران جنگ جهانی را بیشتر در کدام سمت ایران سپری کرد؟,غرب,تهران,1637359,123
روس‌های سفید که بودند؟,,<ANSWER>جنبش ضدبلشویکی</ANSWER>,1637429,123
از بزرگان خوانین شهریار نام چه کسانی را می‌توان برد؟,کدخدا حسینقلی زند و فرزند ایشان باقرخان زند,<ANSWER>لطفعلی‌خان سرتیپ و سلطان‌خان</ANSWER>,1602784,101
چهار پرچم یافت‌شده در کتیبه‌های سنگی دوران ساسانی نماد چه هستند؟,سلطنتی و اشراف‌زادگی,<ANSWER>اهورامزدا و آب و باد و آتش</ANSWER>,1607913,105
محصولات صادراتی ژاپن چیست؟,تجهیزات حمل و نقل، اتومبیل، صنایع الکترونیک، ماشین آلات الکتریکی و صنایع شیمیایی,Error: list index out of range,1623122,113
مهمترین آثار باستانی استان گیلان کدام است؟,,<ANSWER>قلعه رودخان، تپه‌های مارلیک، و ماسوله</ANSWER>,1610145,106
در سال 1963، گیلان به چند شهرستان تقسیم می‌شد؟,۱۱,نه شهرستان,1610317,106
بازی‌های آسیایی ۲۰۱۰ در چه مکانی برگزار کردند؟,در جزیرهٔ هایزینشا، با استفاده از رودخانهٔ پرل و برج کانتون به عنوان نقاط کانونی برگزار کردند,<ANSWER>گوانگ‌ژو چین</ANSWER>,1648587,130
لاوازیه در چه سالی متولد شد؟,,<ANSWER>۱۷۴۳</ANSWER>,1624298,114
موقعیت جغرافیایی کلیسای کاتولیک رم چگونه است؟,,<ANSWER>شهر واتیکان</ANSWER>,1630220,118
رم در کدام قاره قرار گرفته‌است؟,اروپا,<ANSWER>اروپا</ANSWER>,1605283,103
تابع عملکرد جستجوی نورافکن در صفحه سمت چپ صفحه اصلی روی صفحه نمایش به کاربران چه اجازه‌ای می‌دهد؟,به کاربران اجازه می‌دهد تا درون رسانه‌ها، برنامه‌ها، ایمیل‌ها، دفترچه تلفن‌ها و فایل‌های مشابه را جستجو کنند,<ANSWER>جستجو</ANSWER>,1621111,112
سالانه حدود چند زمین لرزه در ژاپن رخ می‌دهد؟,۱۵۰۰,<ANSWER>حدود ۱۰۰۰</ANSWER>,1622278,113
گیلکی از نظر زبان شناسی به کجا تعلق دارد؟,به شاخه شمال غربی زبان‌های ایرانی,<ANSWER>زبان‌های شمال غربی ایرانی</ANSWER>,1609968,106
جان کالوین کولیج معاون کدام رئیس جمهور بود؟,هاردینگ,<ANSWER>وارن جی. هاردینگ</ANSWER>,1635871,122
علیمردان خان بختیاری وکیل‌الدوله  که بود؟,نایب‌السلطنه,از خوانین ایل چهارلنگ بختیاری بود.,1602620,101
مهم‌ترین مسائل غیرنظامی رضاخان چه بود؟,رابطه با بریتانیا و شوروی,<ANSWER>مسئلهٔ حفظ تمامیت ارضی و استقلال کشور</ANSWER>,1637663,123
سبک آوازی یا تولیدی «به خانه برگرد» سئو تایجی شبیه کدام سبک بود؟,سبک سیپرس هیل,<ANSWER>گنگستا رپ</ANSWER>,1617421,110
پس از کودتای چه سالی رضاشاه را سردار سپه می‌خواندند؟,۱۲۹۹,<ANSWER>کودتای ۱۲۹۹</ANSWER>,1637225,123
ابوموسی اشعری اهل کجا بود؟,,<ANSWER>یمن</ANSWER>,1626553,115
شهرهای سنجار و آمیدا به دست چه کسانی افتاده بود؟,ایرانی‌ها,<ANSWER>مغولان</ANSWER>,1642358,126
تأثیر تمدن اژه ای بر تئاتر را شرح دهید.,تمدن باستانی اژه‌ای تأثیر مستقیم زیادی در تحول تئاتر نداشت، اما تئاتر غیرمستقیم آن فوق‌العاده زیاد بود، زیرا خدایان، قهرمانان و تاریخ همین مردم بود که مواد اولیهٔ ایلیاد و ادیسهٔ هومر و اکثر درام‌های یونانی را فراهم آورد. از این رو این تمدن‌ها به جهات مختلف زیربنای ادبیات غرب به‌شمار می‌آیند,<ANSWER></ANSWER>,1647026,129
مساحت کشور کانادا را بگویید.,۹٬۹۸۴٬۰۰۰ کیلومتر مربع,<ANSWER>۹٬۹۸۴٬۶۷۰ کیلومتر مربع</ANSWER>,1639066,124
ریشه یونانی اکسیژن چیست؟,اوکسیس,<ANSWER>oxys و genes</ANSWER>,1624516,114
در چه سالی استفاده از واژه اینترنت معمول شد و مجازا برای اشاره به وب هم استفاده شد؟,سال ۱۹۹۶,<ANSWER>دهه ۱۹۹۰</ANSWER>,1619172,111
انجمن حزبی جمهوری‌خواهان آزادی چیست؟,,<ANSWER>یک سازمان لابی‌گری</ANSWER>,1635584,122
شاهکار بینش‌پژوه چند آلبوم منتشر کرد؟,,<ANSWER>۶</ANSWER>,1617597,110
موسیقی هیپ_هاپ در اوایل کدام دهه ایجاد شد؟,دهه ۱۹۷۰,<ANSWER>دهه ۱۹۷۰</ANSWER>,1616905,110
قهستان در کجا بوده‌است؟,ناحیه بزرگی شامل قم ساوه عراق عجم همدان ری و اصفهان به مرکزیت همدان بوده‌است,<ANSWER>شرق ایران</ANSWER>,1626546,115
انواع تئاتر را نام ببرید.,به جز نوع معیار گفتار دراماتیک، تئاتر نوع های  دیگری نیز دارد؛ مانند اپرا، باله، کابوکی، تعزیه، خیمه شب بازی و پانتومیم,<ANSWER>کمدی، درام، تراژدی، موزیکال، پانتومیم، کمدی سیاه</ANSWER>,1646747,129
کار برنامه‌نویس بزرگ رایانه چیست؟,,برنامه‌نویسی رایانه,1634401,121
لری پیج و سرگئی برین و اریک اشمیت قبول کردند که چند سال کنار هم کار کنند؟,بیست سال,<ANSWER>ده سال</ANSWER>,1611599,107
حاکم اصفهان در زمان مرگ نادر چه کسی بود؟,ابوالفتح‌خان بختیاری,<ANSWER>ابوالفتح خان بختیاری</ANSWER>,1602619,101
چرا صربیا یکی از مشهورترین کشورها در زمینه رپ در اروپا محسوب می‌شود؟,به لطف وجود گروه رپ سندیکای بلگراد,<ANSWER>به دلیل توسعه زودهنگام و محبوبیت گسترده آن</ANSWER>,1617814,110
مسیحی پروتستان چگونه است؟,,<ANSWER>یک جریان اصلاح‌طلبانه در مسیحیت است</ANSWER>,1631389,119
مرحله ی بتا را شرح دهید.,مرحله‌ای که آن (نرم‌افزار) اشکال‌زدایی می‌گردد,<ANSWER>نسخه آزمایشی اولیه</ANSWER>,1644030,127
جین آئو- یونگ در چه سالی متولد شد؟َ,,<ANSWER>سال ۱۹۷۰</ANSWER>,1617539,110
تیلور اولین مأموریت خود را در چه تاریخی به نتیجه رساند؟,در شب ۲۹ اکتبر ۱۹۶۹ (۱۳۴۸ ه‍. ش),<ANSWER>۱۵ ژانویهٔ ۲۰۰۹</ANSWER>,1619054,111
اینترنت شامل چه شبکه‌هایی است؟,شبکه‌های خصوصی، عمومی، دانشگاهی، تجاری و دولتی,<ANSWER>شبکه‌های عمومی، دانشگاهی، دولتی و خصوصی</ANSWER>,1618870,111
طبق مطالعات انجام شده انسان ها از چند سال پیش مراسم آئینی اجرا می کردند؟,انسان از ۳۰۰۰۰ سال پیش مراسم آئینی اجرا می‌کرده‌است,<ANSWER>۴۴۰۰۰</ANSWER>,1646967,129
حزب دموکرات ایالات متحده آمریکا توسط چه کسانی تأسیس شد؟,,<ANSWER>اندرو جکسون و مارتین ون بورن</ANSWER>,1635467,122
ماده حاجب پرتونگاری چیست؟,,ماده ای است که برای افزایش کنتراست تصویربرداری پزشکی استفاده می شود.,1640515,125
نویسنده‌ی کتاب «کُرّاسهٔ اَلمَعی» چه کسی است؟ ,غلامحسین افضل‌الملک,<ANSWER>ملا محمدعلی نوری</ANSWER>,1608254,105
مشیرالدوله در خرداد چه سالی دولت تشکیل داد؟,۱۳۰۲,<ANSWER>۱۲۹۴ خورشیدی</ANSWER>,1637604,123
"پیوندهای هیدروژن بین مولکول‌های آب آنها را چند درصد نزدیکتر از آنچه انتظار می‌رود در یک مایع ساده که فقط دارای نیروی واندروالسی باشد، قرار داده‌است؟
",تقریباً ۱۵٪,<ANSWER>۱۵ درصد</ANSWER>,1624923,114
هرمز سوم در باختر با چه کسی جنگید؟,هپتالیان,بلاشک ساسانیان و هپتالیان بر سر منطقهٔ باختر با هم درگیر شدند.,1642693,126
چه کسی پیرو برکناری قباد اول توسط اشراف، به تخت شاهنشاهی ساسانی نشست؟,جاماسپ,<ANSWER>جاماسپ</ANSWER>,1642854,126
واحد های بزرگ سیاسی تمدن یونان چه نام دارد؟,پولیس,<ANSWER>پولیس</ANSWER>,1647080,129
ماهواره‌های کدام مدارات جهت مشاهدۀ سطح زمین مورد استفاده قرار می‌گیرند؟,مدارات قطبی,<ANSWER>مدارهای نزدیک به زمین</ANSWER>,1632806,120
یزگرداول با چه کسی ازدواج کرد؟,شاهزاده یهودی,<ANSWER>شوشاندخت</ANSWER>,1642525,126
موسیقی رپ در بر گیرنده چیست؟,الفاظ مستهجن، خشن، ضد سفیدپوست و توهین‌آمیز نسبت به زنان,<ANSWER>فرهنگ هیپ هاپ</ANSWER>,1617304,110
اولین گام در تأسیس صنعت نفت ایران و شرکت نفت انگلوپرشین چه بود؟,چاه شماره یک,<ANSWER>اعطای امتیازنامه دارسی</ANSWER>,1614356,108
منظور از آتریاد چیست؟,تیپ,<ANSWER>به ترکیبی شیمیایی که دارای سه عنصر باشد</ANSWER>,1637361,123
حسین بن محمد تقی نوری ملقب به چه نامی ‌است؟,خاتم المحدثین,<ANSWER>محدث نوری</ANSWER>,1601228,100
واژهٔ گوگول به چه معنی است؟,عدد یک به همراه صد صفر,<ANSWER>به معنای یک به توان صد</ANSWER>,1611765,107
کشور شیلی در کدام قاره قرار دارد؟,,<ANSWER>آمریکای جنوبی</ANSWER>,1606748,104
اصطلاح شنای سگی به چه معناست؟,سر را بیرون از آب نگه داشته و شنا می‌کند,<ANSWER>روشی برای شناکردن</ANSWER>,1645692,128
در زمان صدارت چه کسی در دورهٔ ناصرالدین شاه قاجار، پرچم شیر و خورشید ایران بر فراز سفارت ایران در لندن برافراشته شد؟,امیرکبیر,<ANSWER>میرزا حسین‌خان سپه‌سالار</ANSWER>,1608469,105
احمدشاه، ایران را به قصد کدام کشور ترک کرد و هرگز بازنگشت؟,,<ANSWER>فرانسه</ANSWER>,1637612,123
چرا غواصی عمیق‌تر نیاز به مخلوط شدن مقدار قابل توجهی از اکسیژن با سایر گازها، از جمله نیتروژن یا هلیوم دارد؟,تا از اثر مسمومیت با اکسیژن جلوگیری شود.,<ANSWER>برای جلوگیری از مسمومیت اکسیژن و نارسیس نیتروژن در عمق بالا</ANSWER>,1625265,114
بعد از کودتا اسفند 1299 مسعود خان به چه سمتی رسید؟,وزیر جنگ,وزیر جنگ</ANSWER>,1637546,123
در جنگ جهانی اول و جنگ جهانی دوم، ژاپن در کدام جبهه قرار داشت؟,در جنگ جهانی اول، ژاپن از متفقین بود و در جنگ جهانی دوم با متفقین می‌جنگید.,<ANSWER>ژاپن در جنگ جهانی اول در جبهه متفقین و در جنگ جهانی دوم در جبهه متحدین قرار داشت.</ANSWER>,1622330,113
بودجه تئاتر ملی از کجا تأمین می گشت؟,امکانات و بودجهٔ خود را از محل خیریه آموزش و پرورش تأمین می‌کرد,<ANSWER>بودجهٔ تئاتر ملی از طریق قرعه‌کشی سالانهٔ بخت‌آزمایی در سال ۱۹۴۴ تامین می‌گشت</ANSWER>,1647251,129
اکسیژن عضوی از خانواده عناصر کدوم گروه است؟,گروه کالکوژن,<ANSWER>کالکوژن‌ها</ANSWER>,1624231,114
در دهه‌های ۱۹۶۰ تا ۱۹۸۰ گرایش غالب حزب جمهوری‌خواهان را چه گروهی شکل می‌دادند؟,میانه‌روها,<ANSWER>محافظه‌کاران</ANSWER>,1635520,122
چه کسی کادوسیان را شکست داد؟,نی‌نوس شاه آشوری,<ANSWER>پیروز یکم</ANSWER>,1609850,106
کدام‌یک از فرهنگ‌ها در فرهنگ ژاپن تاثیر داشتند؟,فرهنگ ژاپن طی هزاران سال از دوره جومون تا به امروز در حال تکامل بوده، فرهنگ معاصر ژاپن بسیار از آسیا، اروپا و آمریکای شمالی تأثیر پذیرفته‌است و در این بین نفوذ فرهنگ چینی پر رنگ‌تر است.,<ANSWER>فرهنگ چین و فرهنگ کره</ANSWER>,1623174,113
اینترنت از کدام دههٔ به صورت یک شبکهٔ همگانی و جهان‌شمول درآمد؟,از اواسط دههٔ ۱۹۹۰,<ANSWER>دهه ۱۹۹۰</ANSWER>,1618876,111
اینترنت چیست؟,شبکه‌ای از شبکه‌ها,<ANSWER>اینترنت (به انگلیسی: Internet) سامانه‌ای جهانی از شبکه‌های رایانه‌ای به هم پیوسته‌است که از پروتکل TCP/IP برای ارتباط با میلیاردها کاربر در سراسر جهان استفاده می‌کند.</ANSWER>,1618869,111
چرا شوروی نظر مساعدی نسبت به رضاخان داشت؟,رهبر مبارزهٔ ملی علیه نفوذ بریتانیا,<ANSWER>به دلیل سیاست بی‌طرفانه او</ANSWER>,1637664,123
کلمه‌ی گوگل برگرفته از چه واژه‌ای است؟,,<ANSWER>گوگول</ANSWER>,1611604,107
احزاب عمده ی هلند را نام ببرید؟,دموکرات مسیحی، سوسیال دموکرات (کار)، سوسیالیست، حزب سبزها و لیبرال,<ANSWER>لیبرال، سوسیال دموکرات، دموکرات مسیحی</ANSWER>,1631505,119
برای چه کسانی دشوار است که بتوانند وارد جریان اصلی ایالات متحده آمریکا بشوند؟,هنرمندان هیپ هاپ آسیایی,<ANSWER>مسلمانان</ANSWER>,1617531,110
تا چند سال بعد از هوور، جمهوری‌خواهان از قدرت کنار گذاشته شدند؟,۲۰,<ANSWER>۲۰ سال</ANSWER>,1635877,122
تمدن اژه ای پیشاهنگ کدام تمدن بود؟,تمدن یونانی,<ANSWER>تمدن یونان باستان</ANSWER>,1647022,129
ایوان ساترلند، درچه سالی، لارنس رابرتس را بر آن گماشت که پروژه‌ای را برای ایجاد یک شبکه آغاز نماید؟,سال ۱۹۶۵,سال ۱۹۶۶</ANSWER>,1619107,111
در سال ۱۸۴۶ اولین مسابقه ی شنا در کجا و در چه مسافتی برپا شد؟,در مسافت ۴۴۰ یارد در استرالیا,<ANSWER>استرالیا، ۴۰۰ یارد</ANSWER>,1645462,128
ریشهٔ شبکهٔ عظیم جهانی اینترنت به کدام دههٔ بازمی‌گردد؟,دههٔ ۱۹۶۰,<ANSWER>دهه ۱۹۶۰</ANSWER>,1618874,111
گالریوس در نبرد های پیاپی برچه کسی پیروز شد؟,نرسه,<ANSWER>نرسیس</ANSWER>,1642193,126
روش‌های ذخیره سازی اکسیژن را نام ببرید؟,شامل کپسول اکسیژن با فشار بالا، فوق سردسازی و ترکیبات شیمیایی است,<ANSWER>گاز فشرده و اکسیژن مایع</ANSWER>,1625145,114
نخستین آثار ادبیات ژاپنی به کدام زبان سروده شدند؟,زبان چینی کلاسیک,<ANSWER>زبان چینی</ANSWER>,1623176,113
در ژوئن ۲۰۲۰، دادخواستی که توسط دادگاه فدرال کالیفرنیا علیه گوگل تنظیم شد، گوگل را ملزم به پرداخت چه مبلغی کرد؟,۵ میلیارد دلار,<ANSWER>۵ میلیارد دلار</ANSWER>,1612339,107
دکترین کلیسای کاتولیک بر چه چیزی استوار است؟,اعتقاد نامه نیقیه,<ANSWER>کتاب مقدس و سنت مقدس</ANSWER>,1630215,118
لاوازیه چه کسی بود؟,اولین کسی بود که اکسیژن را به‌عنوان یک عنصر شیمیایی مستقل به‌شمار آورد و به‌درستی به نقش آن در سوختن اشاره کرد,<ANSWER>یک شیمی‌دان فرانسوی</ANSWER>,1624295,114
تعداد ضربه‌های پا در طی یک دور در شنای پروانه به طور عمومی نسبت به کرال سینه چگونه است؟,کمتر,<ANSWER>کمتر</ANSWER>,1627716,116
پاریس در کدام قاره قرار گرفته‌است؟,اروپا,<ANSWER>اروپا</ANSWER>,1605288,103
در انتهای مقالهٔ «شیر و خورشید: نشان رسمی دولت ایران» چه تصاویری گردآوری شده‌است؟,تصویرهای گوناگونی از نقوش شیر و خورشید,<ANSWER>تصاویر مربوط به شیر و خورشید</ANSWER>,1608741,105
آبراهام لینکلن در انتخابات ریاست جمهوری در سال ۱۸۶۰ چه کسی را شکست داد و وارد کاخ سفید شد؟,,<ANSWER>استیون داگلاس، جان سی. برکینریج و جان بل</ANSWER>,1635700,122
اولین پادشاه دوران قاجار چه کسی بود؟,,<ANSWER>آغامحمدخان قاجار</ANSWER>,1608256,105
شنا در برنامه های نظامی تمدن های باستانی چه جایگاهی داشت؟,,<ANSWER>به عنوان یک مهارت مهم در برنامه های نظامی آن ها</ANSWER>,1645296,128
موسیقی هیپ هاپ، چگونه است؟,به صورت اشعار بسیار ریتمیک پر از تکنیک‌هایی همچون همگونی مصوت‌ها، تجانس آوایی، و قافیه است,<ANSWER>شامل رپ‌خوانی و ضرب‌آهنگ‌های ریتمیک است</ANSWER>,1616959,110
در شنای پروانه حرکت پاها مانند حرکت چه چیزی در آب است؟,دلفین,<ANSWER>دلفین</ANSWER>,1627662,116
شاهنشاهی ساسانی را چه کسی پایه گذاری کرد؟,اردشیر بابکان,<ANSWER>اردشیر بابکان</ANSWER>,1641784,126
پاتریشیا کرون، مایکل کوک بر اساس متن و تحقیقات باستان‌شناسی معتقدند مسجد الحرام در کجا واقع شده‌است؟,شمال غربی شبه جزیره عربستان,<ANSWER>شمال غربی عربستان</ANSWER>,1601119,100
روش پزشکی پرفشار توسط چه کسی ابداع شد؟,,<ANSWER>هنری وایت‌هد</ANSWER>,1625209,114
شعار غیررسمی شرکت گوگل توسط چه کسی ابداع شد؟,مهندس گوگل امیت پاتل,<ANSWER>پل بوشایت</ANSWER>,1611603,107
شنا در کدام گروه از ورزش ها قرار می گیرد؟,ورزش‌های آبی,<ANSWER>ورزش‌های انفرادی</ANSWER>,1645347,128
چه چیز هایی اثرات اجتماعی بسیاری در طرز رفتار جوان مدرن داشته‌است؟,موفقیت چشمگیر هیپ هاپ --- مخصوصاً سبک رپ گانگستری ---,Error: list index out of range,1617248,110
در چه سالی با تصویب مجلس شورای ملی به رضاشاه لقب رضاشاه کبیر داده شد؟,۱۳۲۸,<ANSWER>سال ۱۳۱۴</ANSWER>,1637229,123
نام عموی شورشی محمد شاه قاجار که بود؟,حسین‌علی میرزا فرمانفرما,<ANSWER>حسینعلی‌میرزا فرمانفرما</ANSWER>,1608417,105
درچه تاریخی بهرام دوم درگذشت؟,۲۹۳,<ANSWER>سال ۲۹۳ میلادی</ANSWER>,1642134,126
شاپور دوم امپراتوری خود را در کجا برقرارکرد؟,نواحی جنوبی,<ANSWER>مشرق</ANSWER>,1642354,126
زیباترین تپه گیلان چه نام دارد؟,,اولسبلنگاه,1610147,106
دارالفنون در چه سالی تأسیس شد؟,۱۲۳۰ خورشیدی (۱۸۵۱ میلادی),<ANSWER>سال ۱۲۳۰</ANSWER>,1603892,102
بسیاری از برنامه‌نویس‌های حرفه‌ای به چه عنوان برای شرکت‌های مشاوره‌ای در محل‌های خدمت گیرنده کار می‌کنند؟,پیمانکار,<ANSWER>مشاور</ANSWER>,1634181,121
واژه اینترنت اولین‌بار توسط چه کسی استفاده شد؟,,<ANSWER>وینتون سرف</ANSWER>,1619228,111
به چه علت برابرسازی پرداختی ها توسط دولت فدرال کانادا صورت گرفت؟,تا به مردم اطمینان ببخشد که استانداردهای برابری در مورد ارائهٔ خدمات و اخذ مالیات، در میان استان‌های فقیر و غنی، ارائه می‌شود.,برای حفظ یک استاندارد زندگی قابل مقایسه و خدمات عمومی قابل مقایسه با نرخ مالیات قابل مقایسه,1639183,124
موزهٔ ارمیتاژ در کدام کشور است؟,روسیه,<ANSWER>روسیه</ANSWER>,1608579,105
به طور کلی با هر حرک دست در شنای پروانه چند بار پای پروانه زده‌ می‌شود؟,دو بار,<ANSWER>دو بار</ANSWER>,1627768,116
چرا جاماسپ مالیات ها را کاهش داد؟,به منظور کمک به کشاورزان و فقرا,<ANSWER>برای کاهش بار مالی بر مردم</ANSWER>,1642858,126
در سرشماری سال ۲۰۱۶ کانادا، جمعیت ایرانیان به چند نفر رسید؟,حدود ۲۱۰ هزار نفر,<ANSWER>۴۶٬۳۱۰</ANSWER>,1639296,124
چه ورزش هایی تبدیل به سرگرمی  شده اند؟,چوگان,<ANSWER>ورزش‌های رزمی، ورزش‌های تیمی و دو و میدانی</ANSWER>,1642638,126
چه کسانی بر اساس متن و تحقیقات باستان‌شناسی تصور کرده‌اند که «مسجدالحرام» در مکه واقع نشده‌است؟,پاتریشیا کرون، مایکل کوک,<ANSWER>پاتریشیا کرون و مایکل کوک</ANSWER>,1601118,100
چه کسی به این نتیجه رسید که اجرای قرارداد ۱۹۱۹ امری غیرممکن است؟,آیرونساید,<ANSWER>مجلس</ANSWER>,1637483,123
هاب را تعریف کنید؟,,<ANSWER>هاب ابزاری است که از طریق آن می‌توان چندین دستگاه اترنت را به یکدیگر وصل کرد.</ANSWER>,1618938,111
الکسا چه چیز را بعنوان پربازدیدترین وبگاه اینترنت در فهرستش قرار داده‌است؟,اینترنت وبگاه گوگل در آمریکا,<ANSWER>گوگل</ANSWER>,1611712,107
اولین گروه رپ که یک آلبوم هیپ هاپ رومانیایی عرضه کرد در آن به چه موضوعاتی پرداخت؟,«اجتماعی»,مسائل اجتماعی، نقد جامعه، خشونت و زندگی در محله‌های فقیرنشین,1617760,110
شرکت اَپل مجوز استفاده از آی‌اواس برای چه چیزی را نمی‌دهد؟,برای نصب بر روی سخت‌افزارهای شخص ثالث,<ANSWER>سخت‌افزار غیر اَپل</ANSWER>,1621048,112
طوایف عرب خوزستان همگی از چه دسته‌ ای بودند؟,دسته کوچ نشین، غیر ثابت و با اصل و نسب مشخص در شبه جزیره عربستان,<ANSWER>طوایف عرب</ANSWER>,1614298,108
چرا ارمنستان همیشه مهم بوده است؟,اهمیت استراتژیک و اقتصادی داشته و به عنوان سرزمین حایل بین ایران و روم بوده.,<ANSWER>موقعیت جغرافیایی آن</ANSWER>,1642076,126
شنا برای کودکان زیر سه سال به چه صورت می باشد؟,شنا برای کودکان زیر سه سال فقط به صورت به اصطلاح شنای سگی است,<ANSWER>به صورت کلاس‌های والد-کودک که بر آشنایی با آب، ایمنی و مهارت‌های اولیه بقا تمرکز دارد</ANSWER>,1645691,128
استان ها مسئول اکثر چه برنامه هایی هستند؟,برنامه‌های اجتماعی,<ANSWER>برنامه‌های اجتماعی و رفاهی</ANSWER>,1639184,124
شگون ها تا چه سده‌ای بر ژاپن حکومت می‌کردند؟,تا نیمه اول سده نوزدهم حکومت مستبدانه خود را بر ژاپن ادامه دادند.,<ANSWER>سده نوزدهم</ANSWER>,1622839,113
انواع طبل را نام ببرید؟,,<ANSWER>طبل‌های دف، طبل‌بیس، طبل گونگ و طبل‌های دایره‌ای</ANSWER>,1616965,110
آی‌اواس در ابتدا برای کدام دستگاه‌ها توسعه داده می‌شد؟,آیفون و آی‌پاد,<ANSWER>آیفون</ANSWER>,1621047,112
به چه علت پیشینه‌ی تاریخی پاسارگاد در طول تاریخ ناشناخته مانده‌است؟,تغییرنام این شهر,<ANSWER>پاسخی وجود ندارد</ANSWER>,1615631,109
ابن بلخی در بیان راه‌های بین شیراز و اصفهان چند راه اصلی نام می‌برد؟,سه راه اصلی,<ANSWER>دو</ANSWER>,1615739,109
زبان‌های برنامه‌نویسی محبوبی که برای وب و نرم‌افزارهای کاربردی تجاری استفاده می‌شوند را نام ببرید؟,جاوا، سی شارپ، ویژوال بیسیک و پی‌اچ‌پی,<ANSWER>جاوا، پایتون، سی شارپ و پی‌اچ‌پی</ANSWER>,1634237,121
در سال ۱۲۸۸ رضاخان برای چه چیزی به زنجان و اردبیل اعزام شد؟,خواباندن شورش‌های طرفداران محمدعلی‌شاه و مخالفان مشروطه,<ANSWER>سرکوب شورش</ANSWER>,1637356,123
مایکل سندی‌ووجیس در چه سالی متولد شد؟,,<ANSWER>۱۷۸۸</ANSWER>,1624297,114
چه زمانی جام توماس لیپتون به عنوان نخستین دوره رقابت‌های جام جهانی شناخته می‌شد؟,,<ANSWER>پیش از سال ۱۹۳۰</ANSWER>,1606523,104
شالبافی در کجا و توسط چه کسانی دراستان گیلان رایج است؟,شالبافی در تالش و توسط گالش‌ها,<ANSWER>روستاهای ییلاقی دیلمان و اشکورات، توسط زنان و دختران</ANSWER>,1610202,106
پس از چه رویدادی فعالیت‌های سازمان دارِ تئاتر در اروپای غربی متوقف شد؟,پس از سقوط امپراتوری روم,جنگ جهانی دوم,1647194,129
نام فرد ایرانی که پست‌هایی همچون مشاور ارشد مدیر عامل گوگل و نایب‌رئیس ارشد بخش فروش را در این شرکت داشت چه بود؟,امید کردستانی,امید کردستانی</ANSWER>,1612111,107
دوره‌ی مداری چیست؟,,<ANSWER>زمانی که طول می کشد تا یک شی به دور شیء دیگری بچرخد و یک مدار کامل را طی کند</ANSWER>,1632690,120
بزرگترین مشکل استان خوزستان در حال حاضر چیست؟,,<ANSWER>مشکلات زیست‌محیطی</ANSWER>,1614521,108
کریم‌خان زند خود را چه نامید؟,او خود راوکیل الرعایا نامید,<ANSWER>وکیل الرعایا</ANSWER>,1602561,101
چه چیزی در استان خوزستان قابلیت بالقوهٔ کشاورزی فراوانی ایجاد کرده‌است؟,ساختار جلگه‌ای استان خوزستان,منابع آب دائمی و خاک حاصل‌خیز,1614462,108
بعد از لیندون بنیز جانسون چه کسی رئیس جمهور شد؟,ریچارد نیکسون,<ANSWER>ریچارد نیکسون</ANSWER>,1635932,122
مدار ژئوسنکرون زمین در چه فاصله‌ای از سطح زمین است؟,۳۶۰۰۰ کیلومتری,<ANSWER>۳۵٬۷۸۶ کیلومتری</ANSWER>,1633021,120
علی بن موسی الرضا چگونه به شهادت رسید؟ ,,<ANSWER>به شهادت رسیدن</ANSWER>,1607979,105
در قرن ۴ام اسلامی برای جمع‌آوری قرائت‌های مختلف قرآنی برای هر قاری چند راوی قرار دادند؟,دو,<ANSWER>دو راوی</ANSWER>,1601393,100
کادوسیان بنابر استرابو در کجا می‌زیستند؟,در کرانه جنوب غرب دریای خزر و جنوب ارس بین آلبانی در شمال و ماردی در شرق یعنی در بخش کوهستانی مادیه پیرامون پاراچوآتراس,<ANSWER>کوهستان‌های جنوب غربی دریای خزر</ANSWER>,1609849,106
ماهواره‌های مدارات قطبی جهت چه کاری مورد استفاده قرار می‌گیرند؟,مشاهدۀ سطح زمین,<ANSWER>مکان‌یابی اجرام</ANSWER>,1632805,120
در سال 1963، کدام شهرستان کوچک در شمال به گیلان ملحق شد؟,آستارا,<ANSWER>آستارا</ANSWER>,1610316,106
نسخه‌های تست بتا به وسیله ی چه گروهی اجرا شد؟,به وسیلهٔ گروهی غیر از تولیدکنندگان,<ANSWER>کاربران نهایی</ANSWER>,1644189,127
در چه سالی دوپلر مقاله ای راجع به اثر دوپلر بر روی همه ی امواج نوشت؟,۱۸۴۲,<ANSWER>۱۸۴۲</ANSWER>,1640407,125
آزمایش های سندی‌ووجیس در چه کتابی منتشر شده؟,در مورد احتراق,<ANSWER>کتاب آزمایشات شیمی فیزیکی</ANSWER>,1624460,114
تعدادی از موضوعات نقاشی انسان های گذشته را نام ببرید.,تصاویری همچون اهلی کردن حیوانات، کشت گندم، اختراع سفالگری و ترک زندگی کوچنشینی یعنی هنگامی که شکارچیان و تهیه‌کنندگان غذا در مکانی مستقر می‌شوند و به کشاورزی و دامداری رو می‌آورند,حیوانات، صحنه‌های شکار، رقص‌ها، و مراسم آیینی,1646969,129
سنگ نوشته ای که در نزدیکی تخت جمشید است به چه زبانی است؟,فارسی و یونانی,<ANSWER>فارسی باستان</ANSWER>,1642019,126
کلیسای کاتولیک اهداف خود را بر چه چیزی تعریف می‌کند؟,گسترش انجیل عیسی مسیح، مدیریت کلیسا از طریق حاکمیت دینی و اعمال خیریه تاسیس بیمارستان، یتیم خانه و مدرسه,<ANSWER>اهداف آن بر پایه‌های کلامی و دینی</ANSWER>,1630273,118
طبق نظر غالب محققان الگوی تکاملی تئاتر در جوامع مختلف به چه صورت می باشد؟,غالب محققان این نظر را که تئاتر در همهٔ جوامع از الگوی تکاملی واحدی پیروی کرده‌است و رد می‌کنند,<ANSWER>به‌طور موازی</ANSWER>,1646912,129
امپراتوری ایران با کدام منطقه در صلح وآرامش بود؟,دشمنان شرقی,هند,1642413,126
باشگاه شنای متروپولیتین لندن بعدها به چه چیزی تغییر نام پیدا کرد؟,انجمن شنای غیر حرفه‌ای,<ANSWER>باشگاه شنای متروپولیتین لندن</ANSWER>,1645465,128
چه چیزی به آهنگسازان هیپ هاپ اجازه داد تا حدودی پارتیتورهای اولیه را به دست آورند؟,ظهور طبل برقی,سمپلرها و صفحات گردان,1617074,110
فرهنگ میان‌رودان چگونه بوده است؟,,<ANSWER>به‌وسیلهٔ مجموعه‌ای از اعمال دینی و آداب و رسوم مذهبی</ANSWER>,1613848,108
مدار ژیودزیکی چیست؟,,<ANSWER>مسیری است که یک جسم در حال سقوط آزاد در فضا-زمان طی می‌کند</ANSWER>,1632687,120
توپولوژی چیست؟,,<ANSWER>شاخه‌ای از ریاضیات</ANSWER>,1619056,111
در کدام دهه در هرسال اینترنت رشدی صد درصدی نسبت به سال قبل خود داشته‌است؟,در دهه ۹۰,<ANSWER>دههٔ ۹۰ میلادی</ANSWER>,1619225,111
کاسپین صفت وصفی یا نسبی در زبان‌های انگلیسی و فرانسوی برای کدام واژه است؟,کاسپی,<ANSWER>دریای خزر</ANSWER>,1629046,117
اکسیژن چگونه اجازه می‌دهد تا احتراق به سرعت و پرانرژی انجام شود؟,با غلظت و تراکم بالا,<ANSWER>به‌عنوان یک عامل اکسیدکننده</ANSWER>,1625375,114
ابن فقیه همدانی در کتاب «اخبار البلدان» آورده‌است که آتش آذرگشنسب تا چه سالی روشن بوده‌است؟,سال ۲۷۴ خورشیدی,<ANSWER>سال ۳۰۰ هجری قمری</ANSWER>,1626552,115
تاریخ ژاپن از کجا آغاز می‌گردد؟,آغاز تاریخ ژاپن، با مردمانی از نژاد آینو و مغول به سده‌های پیش از میلاد مسیح بازمی‌گردد,<ANSWER>پیش از تاریخ</ANSWER>,1622619,113
اروگوئه‌ای‌ها به چه علت مسابقات جام جهانی ایتالیا را تحریم کردند؟,از گسترش فاشیسم در ایتالیا ناراضی بودند,<ANSWER>به این دلیل که ایتالیا در سال ۱۹۳۰ مسابقات جام جهانی را تحریم کرده بود</ANSWER>,1606634,104
مسابقات جام جهانی سال ۱۹۳۸ با حضور چند تیم برگزار شد؟,۱۵ تیم,<ANSWER>۱۵ تیم</ANSWER>,1606800,104
نظام آموزشی کانادا را شرح دهید.,,<ANSWER>تحت کنترل استان‌ها و مناطق</ANSWER>,1639240,124
یکی از سرویس‌های ارتباطی مهم در دسترس بر روی اینترنت را نام ببرید؟,پست الکترونیک,ایمیل</ANSWER>,1619603,111
مشهورترین خوراکی استان گیلان از نظرجهانگردان چیست؟,,<ANSWER>کباب ترش</ANSWER>,1610205,106
در سال 652 هجری در گیلان شهر چگونه شکل می‌گرفت؟,با جمع شدن مردم به‌طور موقت در یک روز و تشکیل بازار یا «گوراب» که از همان انبوهه و گروه گرفته شده بود شکل می‌گرفت,<ANSWER>در اطراف بازارهای محلی و قلعه‌ها</ANSWER>,1610257,106
دلیل تأثیر منفی ارتفاع زیاد چیست؟,رقیق شدن سریع اکسیژن روی انسان,<ANSWER>کاهش فشار هوا</ANSWER>,1625317,114
چه کسانی مدت‌ها منبع محبوبی برای بریک بودند؟,جیمز براون، باب جیمز، و پارلیامنت,<ANSWER>موسیقی فانک و سول</ANSWER>,1617019,110
رضاشاه در جوانی به نام ناحیه‌ای که از آن برخاسته بود نامیده می‌شد، آن نام چیست؟,رضا سوادکوهی,<ANSWER>رضاشاه مازندرانی</ANSWER>,1637219,123
دونالد ترامپ چندمین رئیس جمهور آمریکا بود؟,,<ANSWER>چهل و پنجمین</ANSWER>,1635466,122
شهر رم در کدام کشور است؟,ایتالیا,<ANSWER>ایتالیا</ANSWER>,1630276,118
کدام مورخان نگاه سنتی در برابر روش گردآوری قرآن را رد کرده‌اند؟,مایکل کووک و پاتریکا کرون,جان برتون، آلفونس مینگانا، و پاتریشیا کرون,1601283,100
نقاشی‌ بازدید ناصرالدین شاه از کشور روسیه در سال ۱۸۷۳ م (۱۲۹۰ ه‍.ق)  که شاه را سوار بر اسب در کنار الکساندر دوم امپراتور وقت روسیه می‌نمایاند در کدام موزه نگهداری می‌شود؟,موزهٔ ارمیتاژ روسیه,<ANSWER>کاخ‌موزه گلستان</ANSWER>,1608577,105
کدام‌یک از پادشاهان به آئین بودا معتقد بودند؟,,<ANSWER></ANSWER>,1622785,113
شنا کردن را تعریف کنید.,شناکردن عبارت است از حرکات منظم دست‌ها و پاها و به‌طور کلی بدن که امکان پیشروی موجودات زنده در آب را ممکن می‌سازد.,<ANSWER>به حرکت در آب</ANSWER>,1645294,128
چه کسی اولین تئاتر زنان ایرانی را راه اندازی کرد؟,امیر سعادت,<ANSWER>مریم بانو افخمی</ANSWER>,1647419,129
مایکل سندی‌ووجیس در سال ۱۶۰۴ چه ماده ای را شرح داد؟,ماده موجود در هوا,<ANSWER>فلسفهٔ سنگی</ANSWER>,1624404,114
مهم‌ترین استان کانادا از لحاظ اقتصادی و سیاسی را نام ببرید.,انتاریو,<ANSWER>استان انتاریو</ANSWER>,1639125,124
نویسنده‌ی کتاب «کُرّاسهٔ اَلمَعی» چه کسی است؟,,<ANSWER>رضی‌الدین قزوینی</ANSWER>,1608633,105
چند اماکن عمومی که می‌توان در آن‌ها از اینترنت استفاده نمود نام ببرید؟,کتابخانه‌ها و کافی‌نتها,هتل‌ها، کتابخانه‌ها، کافه‌ها، فرودگاه‌ها، مراکز خرید، قطارها، و دانشگاه‌ها,1619772,111
ارشد‌الدوله که بود؟,,<ANSWER>یکی از سرداران سلطان مسعود غزنوی</ANSWER>,1637365,123
وظیفه پی بندی و استانداردسازی پروتکل‌های هسته‌ای اینترنت، پروتکل اینترنت نسخه ۴ و پروتکل اینترنت نسخه ۶ بر عهده چه گروهی است؟,گروه ویژه مهندسی اینترنت,<ANSWER>نیروی کار مهندسی اینترنت</ANSWER>,1618992,111
در کدام سواحل و در چه تاریخی از شنا در آب به عنوان وسیله‌ای برای درمان استفاده می‌شد؟,سواحل بریتانیای کبیر در اواخر قرن ۱۷ میلادی,<ANSWER>کرانه دریای مدیترانه و از قرن هجدهم به بعد</ANSWER>,1645459,128
کدام حزب ایالات متحده آمریکا با نام جی‌او‌پی یا حزب بزرگ قدیمی نیز شناخته می‌شود؟,حزب جمهوری‌خواه,<ANSWER>حزب جمهوری‌خواه</ANSWER>,1635457,122
اشتراک نظر لوی استروس با مکتب کارکرد گرایی چیست؟,لِوی استروس همچون پیروان مکتب کارکرد گرایی، داروینیسم فرهنگی را رد می‌کند و معتقد است که هر جامعه‌ای خط فرهنگی خاصهٔ خود را به وجود می‌آورد,<ANSWER>رویکرد همسان‌سازی</ANSWER>,1646856,129
در ابتدای تأسیس گوگل در سال ۱۹۹۸ تا اوت ۲۰۰۱، چه کسی مدیر ارشد اجرایی گوگل بود؟,لری پیج,لری پیج</ANSWER>,1611995,107
شبکه استانی صدای مرکز گیلان دارای چند بخش است؟,دو بخش برون مرزی رادیو گرجی و رادیو تالشی,<ANSWER>۶ بخش</ANSWER>,1610540,106
چرا پادشاهان در قرن هشتم دست از زندگی مجلل و اشرافی خود برداشتند؟,برخی از پادشاهان این دوره بعلت گرایش به آئین بودا و تعصب در این دین دست از زندگی مجلل و اشرافی خود برداشتند.,<ANSWER>این اتفاق نیفتاده است</ANSWER>,1622784,113
در سال 1909، چه کسی جام توماس لیپتون را در شهر تورین برگزار کرد؟,سر توماس لیپتون,<ANSWER>باشگاه فوتبال وست آکلند</ANSWER>,1606520,104
پنتاگون کجاست؟,مقر و فرماندهی وزارت دفاع ایالات متحدهٔ آمریکا,<ANSWER>آرلینگتون، ویرجینیا</ANSWER>,1618875,111
کمدی تا چه سالی به دیونوسیای شهر راه نیافت؟,تا سال‌های ۴۸۷–۴۸۶,<ANSWER>۴۸۷ پ.م</ANSWER>,1647139,129
بزرگترین و مهم‌ترین زن نمایشگر و خدای‌نامه‌خوان پس از اسلام کیست؟,همسر فردوسی,<ANSWER>گلچهره</ANSWER>,1647366,129
چه سرویسی با پیدایش اینترنت امکان‌پذیر شد؟,تلفن اینترنتی,پست الکترونیکی</ANSWER>,1619658,111
یکی از نکات مورد اختلاف بین ساسانی‌ها و رومی‌ها چه بوده‌است؟,ارمنستان,سلطه بر ارمنستان و بین‌النهرین,1642075,126
در بمباران اتمی هیروشیما و ناکازاکی، در ژاپن چند نفر جان خود را از دست دادند؟,,<ANSWER>بین ۱۵۰٬۰۰۰ تا ۲۵۰٬۰۰۰ نفر</ANSWER>,1622333,113
عمره ترین شرکای تجاری ژاپن کدام کشور‌ها هستند؟,آمریکا با ۲۲٫۷٪، چین با ۱۳٫۱٪ و کره جنوبی با ۷٫۸٪ عمده‌ترین شرکای تجاری این کشور هستند.,کره جنوبی، آمریکا، استرالیا و چین,1623121,113
وب توسط چه کسی اختراع شد؟,دانشمندی انگلیسی به نام تیم برنرز لی,<ANSWER>تیم برنرز لی</ANSWER>,1619168,111
نام جمهوری‌خواه از چه چیزی اقتباس گردید؟,از نام حزب جمهوری‌خواهان دموکراتیک که در ابتدای قرن نوزدهم توسط توماس جفرسون بنیان گذاشته شد,<ANSWER>ایدئولوژی جمهوری‌خواهی</ANSWER>,1635637,122
ساختمان دارالفنون در کدام قسمت تهران قرار گرفته‌است؟,مرکز شهر تهران,<ANSWER>خیابان ناصرخسرو</ANSWER>,1603949,102
تاریخ بلعمی پرچم امویان را به چه رنگی توصیف کرده‌است؟,سبز,<ANSWER>سفید</ANSWER>,1607967,105
به منظور تمرکززدایی بسیاری از وزارتخانه‌ها و سفارتخانه‌ها هلند در کدام شهر مستقر شده‌اند؟,لاهه,<ANSWER>لاهه</ANSWER>,1631394,119
قران توسط زید بن ثابت طی چه مدتی جمع آوری شد؟,۱۴ ماه و تا زمان فوت ابوبکر در سال ۱۳ هجری,<ANSWER>دو سال</ANSWER>,1601175,100
در شنای پروانه، پاها حدود چند سانتی‌متر در زیر آب است؟,۳۰ سانتی‌متر,<ANSWER>حدود ۴۰ تا ۵۰ سانتی‌متر</ANSWER>,1627717,116
تعداد دانلود اَپ استور در ۶ مارس ۲۰۱۲ چقدر بود؟,بیش از ۲۵ بیلیون بار,<ANSWER>۲۵ میلیارد بار</ANSWER>,1621051,112
روستای آلاشت از توابع کجاست؟,سوادکوه,<ANSWER>شهرستان سوادکوه</ANSWER>,1637286,123
چگونه هلند با بریتانیا هم‌جوار است؟,دریا,آنها با دریای شمال از هم جدا شده‌اند.,1631397,119
«آئین‌نامه نظامی قواعد مشق و حرکات پیاده‌نظام دولت علیّه ایران» در چه زمانی به چاپ رسید؟,رمضان ۱۲۶۸ ه‍.ق (اوایل صدارت میرزا آقا خان نوری),<ANSWER>سال ۱۲۹۲ هجری قمری</ANSWER>,1608631,105
فروش ۱٫۶۷ میلیارد دلاری سهام گوگل، سرمایه این شرکت را به چه قیمتی رساند؟,بیش از ۲۳ میلیارد دلار,<ANSWER>حدود ۲۳ میلیارد دلار</ANSWER>,1611829,107
اولین مردی که شنای 100متر کرال سینه را زیر یک دقیقه شنا کرد کیست؟,,<ANSWER>جانی ویسمولر</ANSWER>,1645523,128
پایه اسیدها را چه چیزی تشکیل می‌دهد؟,هیدروژن,<ANSWER>یون‌های هیدروژن</ANSWER>,1624518,114
در سال 2006 تعداد روستاهای مسکون گیلان به چقدر کاهش یافت؟,۲۶۸۶,<ANSWER>۲۴۵۰</ANSWER>,1609907,106
دو فضای نام اصلی اینترنت، نشانی پروتکل اینترنت و سامانه نام دامنه توسط چه سازمانی راهبری می‌شوند؟,آیکان,<ANSWER>آیکان</ANSWER>,1618990,111
پاپک درچه تاریخی موفق به سرنگون کردن گوچهر از خاندان بازرنگیان شد؟,در سال ۲۰۰,<ANSWER>سال ۲۰۰ میلادی</ANSWER>,1641841,126
خاندان هوجو به کدام خاندان حکومت را واگذار کرد؟,خاندان هوجو در جدال بر سر قدرت، حاکمیت را به خاندان آشیکاگا واگذار کرد.,<ANSWER>آشیکاگا</ANSWER>,1622842,113
نام کامل ون گوگ چیست؟,تئو فان خُخ,<ANSWER>وینسنت ویلم ون گوگ</ANSWER>,1631568,119
واژهٔ گوگول بعد از اختراع شدن توسط میلتون سیروتا در چه کتابی نوشته شد؟,ریاضیات و تخیل,کتاب ریاضیات و تخیل,1611767,107
در بازی‌های آسیایی ۱۹۹۰ پکن چند ورزش المپیکی و چند ورزش غیر المپیکی باهم به رقابت پرداختند؟,۲۸ ورزش المپیکی و ۱۴ ورزش غیر المپیکی,<ANSWER>۲۷ ورزش المپیکی و ۶ ورزش غیر المپیکی</ANSWER>,1648534,130
فتح هویزه در چه سالی اتفاق افتاد؟,,<ANSWER>سال ۱۳۵۹</ANSWER>,1614297,108
رضاخان به نصیحت چه کسانی مبنی بر ادامهٔ نظام پادشاهی و عدم تأسیس جمهوری گوش کرد؟,روحانیون بلند مرتبهٔ شیعه,<ANSWER>رضاخان به نصیحت سید حسن مدرس، محمدحسین امامی خمینی و همچنین احمد قوام مبنی بر ادامهٔ نظام پادشاهی و عدم تأسیس جمهوری گوش کرد.</ANSWER>,1637722,123
چند نفر در سراسر دنیا بازی فینال جام جهانی سال ۲۰۰۶ را بصورت زنده مشاهده کردند؟,۷۱۵٫۱ میلیون نفر,۷۱۵ میلیون نفر,1606457,104
در سال 1378، چند درصد کل جمعیت روستایی استان خوزستان را عرب‌ها در برمی‌گرفتند؟,۳۸ درصد,<ANSWER>۶۴ درصد</ANSWER>,1614128,108
در راس کلیسای کاتولیک چه کسی قرار دارد؟,اسقف اعظم رم,<ANSWER>پاپ</ANSWER>,1630212,118
تلاش های ایبریایی ها باعث چه چیزی شد؟,درگرفتن جنگی بین ایران و روم شد,<ANSWER>کشف قاره آمریکا</ANSWER>,1642913,126
در سال 1950، گیلان به چه شهرستان‌هایی تقسیم شده بود؟,طوالش، فومن، بندر پهلوی (انزلی)، رشت و لاهیجان,<ANSWER>رشت، لاهیجان، رودبار و فومن</ANSWER>,1610314,106
نور مرئی چیست؟,,<ANSWER>بخشی از طیف الکترومغناطیسی</ANSWER>,1640513,125
یزگرد دوم به کجا لشکر کشید؟,غرب,<ANSWER>ارمنستان</ANSWER>,1642692,126
فرح کریمی به نمایندگی از کدام حزب در مجلس هلند حضور داشته‌است؟,سبزها,<ANSWER>حزب سبزهای چپ</ANSWER>,1631509,119
دانشگاه جندی شاپور را چه کسانی بنیان‌گذاردند؟,ساسانیان,<ANSWER>شاپور یکم</ANSWER>,1613900,108
اولین رهبر مسیحیان کاتولیک جهان چه کسی بود؟,,<ANSWER>پطرس</ANSWER>,1630335,118
در ژاپن چند گونه گیاهی وجود دارد؟,بین ۴۰۰۰ تا ۶۰۰۰ گونه گیاهی,<ANSWER>نزدیک به ۴۷۰۰</ANSWER>,1622503,113
اندکی بعد از کودتا اسفند 1299 بیانیه‌های تند و تیزی، یکی از سوی سید ضیاء و دیگری از سوی رضاخان، صادر شد که دربارهٔ چه بود؟,نجات کشور و سلطنت از دست خائنان و نالایقان و بازسازی آن,اعلام حکومت نظامی و اجرای احکام آن,1637548,123
چند تیم در مسابقات جام جهانی سال 1934 در ایتالیا حضور داشتند؟,۱۶ تیم,<ANSWER>۱۶ تیم</ANSWER>,1606633,104
چند درصد از مردم گیلان گویش خاوری دارند؟,,<ANSWER>۷۲٫۷ درصد</ANSWER>,1609972,106
به کسی که نرم‌افزار رایانه می‌نویسد چه چیزهایی می‌گویند؟,برنامه‌نویس، برنامه‌نویس رایانه، توسعه‌دهنده، کدنویس، یا مهندس نرم‌افزار,<ANSWER>برنامه‌نویس و مهندس نرم‌افزار</ANSWER>,1634127,121
اگر جسمی به سمت زمین در حرکت باشد، از نظر چشم غیرمترقبه در نور مرئی چه میزان متفاوت است؟,تفاوت محسوسی وجود نخواهد داشت,<ANSWER>افزایش اندازه ظاهری</ANSWER>,1640568,125
علت نام گذاری شنای تروجن چیست؟,نام نخستین نمایش دهنده آن (جیمز تروج) بر روی آن نهاده شده‌است,<ANSWER>به دلیل ماهیت پنهان و نفوذپذیر آن</ANSWER>,1645519,128
چه کسی هفت هفته متوالی جایزه فری استایل فرایدی را در بت ۱۰۶ و پارک که برنامه‌ای مختص هیپ هاپ بود، را از آن خود کرد؟,یک هنرمند رپ چینی- آمریکایی به نام جین آئو- یونگ,<ANSWER>جین</ANSWER>,1617532,110
به چه دلیل گیلان در سال 1395، استان بدون بار امنیتی عنوان شد؟,دغدغه ای از لحاظ امنیت در سطح کلان در گیلان نداشته‌اند و براساس ارزیابی‌های وزارت کشور ایران، دغدغه ای از لحاظ امنیت در سطح کلان در این استان نبوده‌است,<ANSWER>کاهش جرم و جنایت</ANSWER>,1610371,106
شاپور دوم چه سیاستی را درپی گرفت؟,سیاست دینی بی‌رحمانه,<ANSWER>مذهب گرایی و جنگ</ANSWER>,1642409,126
چگونه از پزشکی پرفشار برای بهبودی بیمار استفاده می‌شود؟,استفاده از اکسیژن در فشار بالاتر از فشار اتمسفر، و تسریع درمانی برای بیماری کاهش فشار با هدف کاهش اثرات مضر حباب‌های گاز با کاهش اندازه آن‌ها و فراهم کردن شرایط بهبودی بیمار,<ANSWER>مکانیسم بهبود توسط اکسیژن درمانی پرفشار</ANSWER>,1625205,114
چند پروتکل که روی وب استفاده می‌شود را نام ببرید؟,,<ANSWER>HTTP، FTP، و SMTP</ANSWER>,1619498,111
اروپا چندمین قاره جهان از نظر تراکم جمعیت است؟,دومین,<ANSWER>دومین قاره</ANSWER>,1605122,103
فیس‌بوک در چه سالی در دسترس عموم قرار گرفت؟,,<ANSWER>سال ۲۰۰۶</ANSWER>,1619829,111
علت مرگ هاردینگ چه بود؟,,<ANSWER>نارسایی قلبی</ANSWER>,1635878,122
منظور از شیطان سرخ چیست؟,اتحاد شوروی,<ANSWER>لقب منچستر یونایتد</ANSWER>,1635995,122
چند روز بعد از به تصویب رسیدن سیزدهمین اصلاحیه قانون اساسی ایالات متحده آمریکا آبراهام لینکلن به قتل رسید؟,۵,<ANSWER>۷۴ روز</ANSWER>,1635756,122
در رومانی، بی. یو. جی. مافیا از کجا ظهور کرد؟,پنتلیمون بخارست,بوخارست,1617704,110
غواصان و خدمه زیردریایی‌ها از چه چیزی استفاده می‌کنند؟,از اکسیژن مصنوعی متناسب با فشار,اطلاعاتی در این زمینه در دسترس نیست.,1625261,114
قطعه‌سازی که اغلب از آن تحت عنوان «بیت» یاد می‌شود توسط چه کسی نواخته می‌شود؟,یک دی جی,<ANSWER>نوازندهٔ درام</ANSWER>,1616961,110
در چه سالی کمپانی گوگل اعلام کرد که قصد دارد صدها باتری خورشیدی نصب کرده و تا ۱٫۶ مگاوات نیروی برق تولید کند؟,سال ۲۰۰۶,<ANSWER>سال ۲۰۰۷</ANSWER>,1612280,107
پل باران در مطالعه جامع خود که برای نیروی هوایی ایالات متحده آمریکا منتشر کرده بود چه پیشنهادی داده بود؟,که برای دستیابی به استحکام و مقاومت در برابر حوادث از راه‌گزینی بسته کوچک استفاده شود,<ANSWER>شبکه ارتباطی توزیع‌شده</ANSWER>,1619108,111
دلیل اصلی خارج شدن ۳ تن از فرزندان حسین‌علی میرزا فرمانفرما از ایران به بریتانیا چه بود؟,,<ANSWER>ادامه تحصیل</ANSWER>,1608418,105
در کدام کشور میزبان جام جهانی، قبل ازآغاز مسابقات، زلزله ویرانگر و ۹٫۵ ریشتری شیلی رخ داد؟,شیلی,شیلی,1606747,104
سلطان تنجی در دوران سلطنت خود چه‌کار هایی انجام داد؟,وی بر خلاف گذشته که امپراتور فقط ریاست قبایل را بر عهده داشت حکومت را مرکزیت قدرت کشور گردانید و این قدرت تمامیت‌خواهی را در سراسر امپراتوری برقرار کرد.,<ANSWER>او اولین مجموعه قوانین ژاپن را تدوین کرد و سیستم ثبت رسمی خانوار را بنا نهاد</ANSWER>,1622727,113
در چه تاریخی با دادخواستی که توسط دادگاه فدرال کالیفرنیا علیه گوگل تنظیم شد، گوگل را ملزم به پرداخت 5 میلیارد دلار کرد؟,ژوئن ۲۰۲۰,<ANSWER>۲۰ ژوئن ۲۰۲۳</ANSWER>,1612338,107
حرکات منظم دست‌ها و پاها و به‌طور کلی بدن که امکان پیشروی موجودات زنده در آب را ممکن می‌سازد؛ چه می نامند؟,شناکردن,<ANSWER>شنا</ANSWER>,1645295,128
ارسطو راجع به کمدی چه می گوید؟,ارسطو می‌گوید کمدی از نمایش بدیهه سازی‌های سرخوانِ آوازه‌های آئینی فالیک بیرون آمده‌است,<ANSWER>کمدی تقلیدی از افراد پست‌تر از حد متوسط است</ANSWER>,1647140,129
اینترنت از چه شبکه‌هایی تشکیل شده؟,از میلیون‌ها شبکه خصوصی، عمومی، دانشگاهی، تجاری و دولتی در اندازه‌های محلی و کوچک تا جهانی و بسیار بزرگ تشکیل شده‌است,<ANSWER>شبکه‌های خصوصی، عمومی، دانشگاهی، تجاری و دولتی</ANSWER>,1618933,111
روم کنترل کدام مناطق را به دست می گرفت؟,پنج ساتراپی بین دجله و ارمنستان,<ANSWER>حوضه مدیترانه</ANSWER>,1642245,126
مرکز زمین در کجای مسیر ماهواره‌ها قرار دارد؟,مرکز این مسیر یا در نقطۀ کانونی آن,<ANSWER>در مرکز مدارشان</ANSWER>,1632748,120
وارن گامالیل هاردینگ در انتخابات ریاست جمهوری سال ۱۹۲۰ آمریکا نامزد کدام حزب بود؟,جمهوری‌خواهان,<ANSWER>حزب جمهوری‌خواه</ANSWER>,1635815,122
وب جهان گستر چیست؟,مجموعه‌ای جهانی از اسناد و تصاویر و سایر منابعی است که به وسیله ابرپیوندها با یکدیگر ارتباط منطقی دارند,<ANSWER>فضایی است که در آن اسناد و سایر منابع وب توسط شناسه‌های یکتای جهانی مشخص شده‌اند</ANSWER>,1619495,111
لاووازیه نام هوای حیاتی را در ۱۷۷۷ به چه نامی تغییر داد؟,اکسیژن,اکسیژن</ANSWER>,1624515,114
سالن ورودی گوگل پلکس مزین به چه چیزهایی است؟,یک پیانو، تعدادی سرور قدیمی، و جستارهای تحقیقاتی یک پروژه بر روی دیوار,<ANSWER>پیانو و خودرویی با اندازه واقعی</ANSWER>,1612166,107
مراسم افتتاحیه بازی‌های آسیایی ۲۰۱۰ در چه تاریخی برگزار شد؟,۱۲ نوامبر,<ANSWER>۱۲ نوامبر ۲۰۱۰</ANSWER>,1648586,130
بخش موازی در استان گیلان از ادغام چند بخش تشکیل شده بود؟,چهار بخش,<ANSWER>دو</ANSWER>,1610311,106
زبان رایج ساسانیان چه بود؟,,<ANSWER>فارسی میانه</ANSWER>,1642914,126
اینترنت امکان دسترسی به رایانه‌های دیگر و انباره‌های اطلاعات را چگونه به کاربران رایانه می‌دهد؟,از راه دور,<ANSWER>با اتصال آن‌ها به یکدیگر</ANSWER>,1619441,111
شهرهای تورنتو و اتاوا در کدام استان قرار دارند؟,استان انتاریو,<ANSWER>استان انتاریو</ANSWER>,1639126,124
میزان مهاجرت مردم خوزستان به شهرهای شمالی در سال 1399 چقدر بوده است؟,,اطلاعاتی در این زمینه در دسترس نیست.,1614579,108
رابرت تیلور متولد چه سالی بود؟,,<ANSWER>سال ۱۹۱۱</ANSWER>,1619055,111
هنگامی که علی بن موسی الرضا به ولایت عهدی رسید، بر خلاف سنت عباسیان چه رنگی را به عنوان رنگ خود برگزید؟,رنگ سبز,<ANSWER>رنگ سبز</ANSWER>,1607977,105
دریای تتیس، اقیانوس آرام را به کدام اقیانوس متصل می‌کرد؟,اطلس,<ANSWER>اقیانوس هند</ANSWER>,1628826,117
آلبوم شاهکار بینش‌پژوه دارای چه سبکی است؟,سبک رپ طنز,<ANSWER>موسیقی پاپ</ANSWER>,1617595,110
علت وجود برخی واژگان فرانسوی در زبان هلندی چیست؟,دوره‌های تسلط فرانسویان بر این منطقه,<ANSWER>نفوذ فرهنگی و تاریخی فرانسه</ANSWER>,1631627,119
خانواده نوش‌آفرین آیرملو بعد از کدام جنگ در تهران ساکن شده بودند؟,اصالتی گرجی یا ایروانی,<ANSWER>جنگ جهانی اول</ANSWER>,1637298,123
یکی از محبوب ترین گروه‌ها در رومانی را نام ببرید؟,گروه پارازیتی,<ANSWER>ا. اس. آی. ای</ANSWER>,1617707,110
با توجه به کتاب «کُرّاسهٔ اَلمَعی» پرچم «بیرق قاپوق» در کجا در اهتزاز بوده‌است؟,محل اعدام مجرمان,<ANSWER>در قاپوق</ANSWER>,1608255,105
شاپور چگونه کشته شد؟,بر اثر فروپاشی سقف بر سرش,<ANSWER>شاپور دوم توسط یک سرپرست عرب کشته شد</ANSWER>,1641846,126
رضاشاه در کدام روستا متولد شد؟,آلاشت,<ANSWER>آلاشت</ANSWER>,1637285,123
عملیات بمباران اتمی هیروشیما و ناگازاکی به فاصله چند روز انجام شد؟,به فاصله ۳ روز,<ANSWER>۳ روز</ANSWER>,1622896,113
چه کسی تحت تأثیر میرزا فتحعلی آخوند زاده پنج نمایشنامه نوشت؟,میرزا آقا تبریزی,<ANSWER>عبدالرحیم طالبوف تبریزی</ANSWER>,1647306,129
در ژانویه ۲۰۱۱ گوگل اعلام کرد که دسترسی کاربران ایرانی به چه نرم‌افزارهایی آزاد است؟,گوگل ارث، پیکاسا و مرورگر کروم,<ANSWER>نرم‌افزارهای گوگل ارت و پیکاسا</ANSWER>,1612675,107
ون گوگ در چه سالی به قتل رسید؟,۲۰۰۴,<ANSWER>۱۸۹۰</ANSWER>,1631570,119
لطفعلی خان آخرین فرمانروای زند در چه سالی به دست آغا محمدخان قاجار کشته شد؟,سال ۱۲۰۹ هجری قمری,<ANSWER>۱۷۹۴</ANSWER>,1602675,101
کدام جزء از جمهوری‌خواهان معتقد هستند که ایالات متّحده باید در عرصه‌ی خارجی سیاست‌هایی تهاجمی را دنبال کند و با کشورهایی که مزاحم منافع این کشورند، به شدّت برخورد کند؟,نومحافظه‌کاران,نومحافظه‌کاران جدید,1636050,122
کدام کشور توانست موفق به کسب رتبهٔ نخست در جدول مدال‌ها در بازی‌های آسیایی ۲۰۱۰ شود؟,چین,<ANSWER>چین</ANSWER>,1648755,130
صنایع دستی استان خوزستان را نام ببرید؟,,<ANSWER>عبابافی، بوریا بافی و کپو بافی</ANSWER>,1613788,108
مرکز کالیفرنیا کدام شهر است؟,,<ANSWER>ساکرامنتو</ANSWER>,1611775,107
اصلی‌ترین عامل پیشرفت آئین بودائی در ژاپن چه بود؟,تبلیغات غیر آزارنده و مسالمت‌آمیز، پرهیزکاری و اطاعت و انقیاد نسبت به حکومت بود.,<ANSWER>حمایت دولت</ANSWER>,1622674,113
 استراحت، رفع فشار و معالجه اضطراری برای غواصان و خدمه زیردریایی‌ها در چه عمق و فشاری است؟,عمق نسبتاً کم (عمق ۶ متر یا کمتر) در فشارهای حداکثر ۲٫۸ بار,<ANSWER>در عمق و فشار ۱ اتمسفر</ANSWER>,1625263,114
چه کسی کادوسیان را مجبور کرد که با مادها بجنگند؟,یک پارسی به نام پارسد,<ANSWER>مادها</ANSWER>,1609852,106
قسمت‌هایی از موسیقی سنتی کره را نام ببرید؟,پانسوری یا نانگک (موسیقی کشاورزان),<ANSWER>موسیقی درباری و موسیقی محلی</ANSWER>,1617420,110
مسعود خان کیست؟,,<ANSWER>سیاستمدار پاکستانی</ANSWER>,1637551,123
رپ تور نیویورک توسط چه کسی حمایت می‌شد؟,اروپا,<ANSWER>مایکروسافت</ANSWER>,1617652,110
بزرگ‌ترین شاخه از کلیسای مسیحی کدام است؟,کلیسای کاتولیک,<ANSWER>کلیسای کاتولیک</ANSWER>,1630211,118
کریم خان زند به کدام شرکت در بوشهر پروانه زدن تجارتخانه  داد؟,شرکت انگلیسی هند شرقی,<ANSWER>شرکت هلند</ANSWER>,1602837,101
مهم‌ترین احزاب سیاسی فعال ژاپن کدام احزاب می‌باشد؟,حزب لیبرال دموکرات، حزب دموکراتیک ژاپن، حزب کومه جدید، حزب کمونیست ژاپن، حزب سوسیال دموکرات,<ANSWER>حزب لیبرال دموکرات و حزب دموکراتیک قانون اساسی</ANSWER>,1623066,113
بارنه‌یود در چه سالی جسد خود را به مدرسه فروخت تا با مرگ وی شاگردان به تشریح بدن او بپردازند؟,,۱۷۷۵,1604064,102
کلیسای کاتولیک چند میلیارد نفر پیرو دارد؟,یک و نیم میلیارد نفر,<ANSWER>۱٫۲ میلیارد</ANSWER>,1630210,118
ساسانیان چه نوع حکومتی داشتند؟,,<ANSWER>سلطنت مطلق</ANSWER>,1642915,126
قسمت اعظم رپ در چه غالبی موجود است؟,نوشته‌های رسا,<ANSWER>فایل‌های صوتی</ANSWER>,1617308,110
اولین کلیسای کاتولیک در کجا ساخته شد؟,,<ANSWER>انطاکیه</ANSWER>,1630214,118
باب دیلن در چه سالی رپ انجام می‌داد؟,سال ۱۹۶۰,<ANSWER>سال ۲۰۰۱</ANSWER>,1617306,110
استاروسلسکی افسر کدام کشور بود؟,روس,<ANSWER>روسیه</ANSWER>,1637424,123
شاخص امید به زندگی در مردان و زنان در ژاپن چقدر می‌باشد؟,شاخص امید به زندگی در مردان ۷۲/۶۴ و در زنان ۸۶/۳۹ می‌باشد.,<ANSWER>۷۰ سال برای مردان و ۷۸ سال برای زنان</ANSWER>,1622563,113
در چه سالی گوگل سیاست استراحت ابتکاری را به وجود آورد؟,,<ANSWER>۲۰۰۴</ANSWER>,1611942,107
شاهنشاهی ساسانی چند سال بر ایران حکومت کردند؟,۴۲۷ سال,<ANSWER>۴۲۷ سال</ANSWER>,1641782,126
شورای المپیک آسیا در سال ۲۰۱۰ با ورود چه رشته‌ای به بازی‌ها موافقت کرد؟,رشتهٔ کریکت (بیست۲۰),<ANSWER>کریکت</ANSWER>,1648643,130
ایستگاه‌های رادیویی هیپ هاپ تا چه سالی پا به عرصه وجود گذاشتند؟,تا سال ۱۹۸۲,<ANSWER>سال ۱۹۸۴</ANSWER>,1617651,110
نام قرائت‌های مختلف قرآنی چیست؟,,<ANSWER>قرائت سبعه</ANSWER>,1601396,100
چرا آتش‌سوزی که باعث کشته شدن خدمه آپولو ۱ در آزمایش سکوی پرتاب شد، خیلی سریع گسترش یافت؟,زیرا کپسول حاوی اکسیژن تحت فشاری در حدود ۱ اتمسفر بود,<ANSWER>به دلیل جو ۱۰۰٪ اکسیژن و مواد قابل اشتعال فراوان در داخل فضاپیما</ANSWER>,1625378,114
استان خوزستان در کجا واقع است؟,جنوب‌غربی ایران,<ANSWER>جنوب غربی ایران</ANSWER>,1613781,108
 لئونارد کلینراک چه کسی بود؟,استاد دانشگاه کالیفرنیا,<ANSWER>دانشمند کامپیوتر</ANSWER>,1619110,111
انگلیسی‌ها در تجارت با کریم خان زند چه دادو ستدی داشتند؟,انگلیسی‌ها پارچه‌های پشمی به ایران می‌آوردند و در برابر کریم خان ایشان را از حق گمرک معاف نمود,<ANSWER>پارچه پشمی و ابریشم</ANSWER>,1602838,101
چرا برادر فرج‌الله بهرامی به مدرس سیلی‌ زد؟,,<ANSWER>چون پس از مسموم کردن، مدرس هنوز زنده بود</ANSWER>,1637724,123
وحی چیست؟,,<ANSWER>به معنای کلام خدا برای بشر از طریق پیامبران</ANSWER>,1601011,100
مخالفان رضاشاه معتقدند پهلوی یکم چه چیزهایی را در ایران نابود کرد؟,دموکراسی، مجلس، انتخابات و آزادی,Error: list index out of range,1637165,123
چند درصد مردم چین به مسیحیت روی آوردند؟,,<ANSWER>کمتر از ۱ درصد</ANSWER>,1623179,113
در حال حاضر مرکز استان خوزستان کدام شهر است؟,شهر اهواز,<ANSWER>اهواز</ANSWER>,1613790,108
کتیبه‌های سنگی دوران ساسانی درحال حاضر در کجا نگهداری می‌شوند؟ ,,<ANSWER>موزه ملی ایران</ANSWER>,1607915,105
نشان جمهوری اسلامی ایران به چه رنگی در میانه‌ی نوار سفید قرار دارد؟,رنگ سرخ,<ANSWER>قرمز</ANSWER>,1607859,105
مدرس از چه کسی سیلی خورد؟,برادر فرج‌الله بهرامی,<ANSWER>رضاشاه</ANSWER>,1637721,123
به چه علت بخش زیادی از کانادا خالی از سکنه است؟,به دلیل سرما و نزدیکی به قطب شمال,<ANSWER>به دلیل سرمای بسیار شدید</ANSWER>,1639072,124
در پی چه چیزی لینکلن اعلامیه معروف خود مبنی بر آزادی برده‌ها را اعلام کرد؟,پیروزی نظامی و معنوی دولت فدرال بر ایالت‌های تجزیه طلب جنوبی,<ANSWER>نبرد آنتی‌تام</ANSWER>,1635751,122
در چه تاریخی سازمان اروپایی پژوهش دربارهٔ ذرات - پروژه وب جهان گستر را به اطلاع عموم رساند؟,ششم اوت ۱۹۹۱,<ANSWER>۳۰ آوریل ۱۹۹۳</ANSWER>,1619167,111
کتاب‌خانه‌های کد پایه چیست؟,,کتابخانه‌هایی هستند که برای توسعه یک برنامه استفاده می‌شوند و قابلیت‌های پایه‌ای را ارائه می‌دهند.,1634403,121
بعد از مرگ هاردینگ چه کسی عهده‌دار پست ریاست جمهوری شد؟,جان کالوین کولیج,<ANSWER>کالوین کولیج</ANSWER>,1635870,122
وضعیت تئاتر در سده ی هجدهم اروپا به چه شکل بود؟,,<ANSWER>رو به افول بود</ANSWER>,1646970,129
احتراق مجاورت، ایجاد شده در طول جنگ جهانی دوم، متکی به چیست؟,رادار داپلر,<ANSWER>امواج رادیویی</ANSWER>,1640673,125
مهم ترین ایالت-شهرهای یونان باستان را نام ببرید.,آتیکا (آتن)، اسپارت، کورِنت، تِب، مگارو آرگوس,آتن و اسپارت,1647081,129
جین آئو- یونگ در چه سالی توانست هفت هفته متوالی جایزه فری استایل فرایدی را در بت ۱۰۶ و پارک که برنامه‌ای مختص هیپ هاپ بود، از آن خود کند؟,سال ۲۰۰۲,<ANSWER>سال ۲۰۰۲</ANSWER>,1617533,110
فرهنگ مینوسی در چه بازه ی تاریخی شکفته بود؟,از سال ۲۵۰۰ تا ۱۴۰۰ پیش از میلاد,<ANSWER>حدود ۲۰۰۰ تا ۱۶۰۰ سال پیش از میلاد</ANSWER>,1647023,129
سردار رومی چه چیز هایی را پس گرفت؟,سرزمین‌های از دست رفته,استان‌های از دست رفته و برخی مناطق دیگر را در سوریه و بین‌النهرین</ANSWER>,1641960,126
اروندرود در کجا قرار دارد؟,,<ANSWER>جنوب غربی ایران</ANSWER>,1614465,108
چند درصد از مردم خوزستان در سال 1395، در سکونتگاه‌های روستایی زندگی می‌کردند؟,۲۴/۵ درصد,<ANSWER>۳۷ درصد</ANSWER>,1614126,108
یک مثال متداول برای اثر داپلر بزنید.,شنیدن صدای ماشینی است که از دور با آژیر نزدیک می‌شود و عبور می‌کند و سپس دور می‌شود,<ANSWER>آژیر آمبولانس</ANSWER>,1640460,125
نقاشی رژهٔ ارتش بریتانیا در برابر ملکه ویکتوریا و ناصرالدین شاه قاجار متعلق به چه سالی است؟,۱۸۷۳ م (۱۲۹۰ ه‍.ق),<ANSWER>۱۸۷۳</ANSWER>,1608525,105
در دوره‌ی رئیس‌الوزرایی رضاخان، چه گروهی بیشترین نقش را در تبلیغات گسترده برای برپایی جمهوری داشت؟,ارتش,<ANSWER>گروه روزنامه‌نگاران جوان</ANSWER>,1637719,123
درچه سالی اردشیر با خاموش کردن شورش هایی از طرف دیگر برادرهایش که اعدام شدند،خود را حکمران پارس خواند؟,۲۰۸,<ANSWER>۲۲۴ میلادی</ANSWER>,1641845,126
هندوستان به استعمارچه کسانی درآمده بود؟,انگلیسی‌ها,<ANSWER>بریتانیا</ANSWER>,1602840,101
فشار کپسولی که باعث کشته شدن کشته شدن خدمه آپولو ۱ در آزمایش سکوی پرتاب شد باید چقدر ‌می‌بود؟,باید فشار آن حدود ۱⁄۳ فشار محیط باشد,<ANSWER>نامشخص</ANSWER>,1625379,114
اکسیژن قبل از سال ۱۶۰۴ توسط چه کسی جداسازی شد؟,مایکل سندی‌ووجیس,اکسیژن قبل از سال ۱۶۰۴ جداسازی نشد.,1624290,114
در اواخر دوره قاجار ایران به چند بخش تقسیم شده بود؟ ,نوزده بخش,<ANSWER>به دو بخش</ANSWER>,1610310,106
به چه دلیل کمیتهٔ المپیک کویت در ژانویه ۲۰۱۰ به حالت تعلیق درآمد؟,به دلیل دخالت‌های سیاسی دولت این کشور,<ANSWER>به دلیل دخالت دولت</ANSWER>,1648699,130
کلیسای کاتولیک رومی از بزرگ‌ترین کلیساهای کدام دین در جهان است؟,مسیحیت,<ANSWER>مسیحیت</ANSWER>,1630209,118
جمعیت تخمینی عرب‌های استان خوزستان بر‌پایه آمار ذکر شده در سال 1378 چند نفر بوده‌است؟,بین یک میلیون و هشتصد هزار تا دو میلیون نفر,<ANSWER>۱٫۲ میلیون نفر</ANSWER>,1614129,108
حجم دریای خزر چند کیلومتر مکعب است؟,۷۷۰۰۰۰,<ANSWER>۷۸۲۰۰ کیلومتر مکعب</ANSWER>,1629099,117
رضاشاه پس از رسیدن به پادشاهی و گزیدن نام خانوادگی پهلوی به چه اسمی شناخته شد؟,رضاشاه پهلوی,<ANSWER>رضاشاه پهلوی</ANSWER>,1637226,123
در کدام کشور کمیسر اطلاعات، پس از اطمینان از اینکه گوگل در دریافت اشتباه اطلاعات، اطلاعات «مهمی» را دریافت نکرده‌است گوگل را تبرئه کرد؟,بریتانیا,<ANSWER>انگلستان</ANSWER>,1612621,107
اصالت نوش‌آفرین آیرملو چیست؟,گرجی یا ایروانی,<ANSWER>ایرانی</ANSWER>,1637297,123
ملیون که بود؟,,<ANSWER>سیاستمدار و روزنامه‌نگار فرانسوی</ANSWER>,1637367,123
سامانه‌های خودگردان اینترنت با چه چیزی به هم متصل شده‌اند؟,روتر,<ANSWER>پروتکل BGP</ANSWER>,1618872,111
آشناترین ترکیب اکسیژن چیست؟,آب,<ANSWER>آب</ANSWER>,1624918,114
اولین آهنگ رپ فارسی با گرایشی عامه‌پسند توسط چه کسی تولید شد؟,حسن شماعی‌زاده,<ANSWER>سالومه</ANSWER>,1617590,110
کشور مکزیک در کدام قاره واقع شده‌است؟,,<ANSWER>آمریکای شمالی</ANSWER>,1606803,104
پایتخت کانادا کجا می باشد؟,اُتاوا,<ANSWER>اتاوا</ANSWER>,1639070,124
شنای تروجن در چه سالی ابداع شد؟,سال ۱۸۷۸,<ANSWER>سال ۲۰۰۵</ANSWER>,1645518,128
سیستم عامل آی‌اواس چند نسخه دارد؟,,<ANSWER>۱۷ نسخه</ANSWER>,1621114,112
امپراتور در ژاپن بر اساس کدام معیار انتخاب می‌شود؟,,<ANSWER>موروثی</ANSWER>,1623012,113
امیر کبیر در کجا به قتل رسید؟,,<ANSWER>کاشان</ANSWER>,1608472,105
بخش عمده در‌آمدهای اقتصادی ژاپن مربوط به چیست؟,صادرات,<ANSWER>صادرات</ANSWER>,1623120,113
درجه یاور معادل چیست؟,ستوان,<ANSWER>معاون</ANSWER>,1637289,123
شعار غیررسمی شرکت گوگل چه بود؟,شرور نباشید,<ANSWER>شریر نباش</ANSWER>,1611602,107
داستان موسیقی هیپ هاپ، عموماً درمورد چیست؟,اغلب مربوط به یک همتای خیالی,<ANSWER>زندگی در گتو</ANSWER>,1616958,110
نتیجه آزمایش‌های مایکل سندی‌ووجیس درمورد ماده موجود در هوا چه بود؟,تشخیص داد که این ماده معادل محصول جانبی گازی است که با تجزیه حرارتی پتاسیم نیترات آزاد می‌شود,<ANSWER>ماده حیات‌بخش در هوا</ANSWER>,1624406,114
در پایان دوره ریاست جمهوری لیندون بنیز جانسون چه چیزهایی باعث شد تا جمهوری‌خواهان مجدداً به حکومت دعوت شوند؟,ناکامی در جنگ ویتنام و رشد روحیه محافظه کاری در میان مردم,ناآرامی‌های اجتماعی و سیاسی و اختلافات بر سر جنگ ویتنام,1635930,122
اندرو جانسون بعد از قتل لینکلن چه چیزی را در دستور کار خویش قرار داد؟,بازسازی اقتصادی جنوب و مبارزه با آخرین بقایای برده داری,<ANSWER>بازسازی</ANSWER>,1635758,122
چند تیم اروپایی در نخستین دوره رقابت‌های جام جهانی فوتبال حاضر بودند؟,۴ تیم,<ANSWER>چهار</ANSWER>,1606577,104
 اولین زن نمایشگر ایرانی متعلق به کدام سلسله می باشد؟,ساسانیان,<ANSWER>قاجار</ANSWER>,1647367,129
اولین لشکرکشی شاپور دوم به کدام منطقه بود؟,روم در غرب,<ANSWER>عربستان</ANSWER>,1642357,126
اقتصاد ژاپن در کدام دهه پیشرفت کرد؟,دهه ۱۹۶۰م,<ANSWER>دهه ۱۹۸۰</ANSWER>,1622950,113
صدای و سیمای مرکز گیلان فعالیت خود را با چه دستگاهی آغاز کرد؟,فرستنده رادیویی ۷۵ واتی که آنتن آن در اداره پست و تلگراف گیلان نصب شده بود,<ANSWER>فرستنده رادیویی</ANSWER>,1610538,106
متن بیانیه سید ضیاء بعد از کودتا اسفند 1299 چیست؟,,<ANSWER>اعلامیه ای در ۹ ماده با عنوان «حکم می‌کنم»</ANSWER>,1637552,123
ژاپن در مقام مقایسه با کشور‌های دیگر در کدام مرتبه قرار می‌گیرد؟,در مقام مقایسه به‌طور تقریبی کشور ژاپن یک بیستم آمریکا، یک نهم هندوستان، یک و نیم برابر بریتانیا و چیزی کمتر از یک چهارم ایران است.,<ANSWER>سومین اقتصاد بزرگ جهان</ANSWER>,1622451,113
اکسیژن سطح دریا از کجا خارج و به سمت کجا افزایش می‌یابد؟,در اطراف استوا خارج شده و به سمت قطب‌ها افزایش می‌یابد,<ANSWER>از گیاهان و جلبک‌ها به اتمسفر</ANSWER>,1624742,114
نامزد جمهوری‌‌خواهان در نخستین انتخابات ریاست جمهوری پس از تأسیس این حزب، که بود؟,جان فریمونت,<ANSWER>جان سی فرامون</ANSWER>,1635694,122
چرا امروزه مردم‌شناسان، جوامع ابتدایی را فرو دستانه برآورد نمی کنند؟,آن‌ها دریافته‌اند که اگرچه جوامع پیشرفته از دانش تخصصی و فنون بهره‌مندی بیشتری دارند، اما در مقابل، غالباً از نظر همبستگی و یکپارچگی ویژه‌ای که در جوامع کمتر پیشرفته وجود دارد، دچار کمبود قابل توجهی هستند,<ANSWER>درک پیچیدگی فرهنگ‌ها</ANSWER>,1646910,129
کریستیان یوهان دوپلر کیست؟,فیزیکدان اتریشی,<ANSWER>ریاضی‌دان و فیزیکدان اتریشی</ANSWER>,1640405,125
هیئت مدیره بین‌المللی واترپلو و کمیته بین‌المللی شنا در چه سالی پا گرفتند؟,سال ۱۹۲۸,<ANSWER>۱۹۰۸</ANSWER>,1645631,128
قبل از عرضه اولیه، چه سهمی از گوگل در اختیار یاهو بود؟,۸٫۴ میلیون,<ANSWER>تقریباً ۲.۷ درصد</ANSWER>,1611830,107
چند نفر از مجلس نمایندگان ژاپن را زنان تشکیل داده‌اند؟,,<ANSWER>۴۶ نفر</ANSWER>,1623011,113
ون گوگ توسط چه کسی به قتل رسید؟,یک مراکشی,<ANSWER>مشخص نیست</ANSWER>,1631571,119
برنامه ی مسابقات شنای مردان در المپیک تا سال 1952 شامل چه رقابت هایی می شد؟,رقابت‌های کرال سینه، کرال پشت و قورباغه,۱۰۰ متر آزاد، ۴۰۰ متر آزاد، ۱۵۰۰ متر آزاد، ۱۰۰ متر کرال پشت و ۲۰۰ متر قورباغه</ANSWER>,1645574,128
لئونارد کلینراک تئوری‌ مسیریابی سلسله مراتبی را در چه سالی ارائه کرد؟,سال ۱۹۶۷,<ANSWER>۱۹۷۲</ANSWER>,1619112,111
چرا در بین مرزها بازرگانی و ازدواج و حتی جاسوسی را ممکن می‌ساخت؟,رفت‌وآمد بین مرزها آزاد بود,<ANSWER>نفوذپذیری مرزها</ANSWER>,1642073,126
مهندس گوگل امیت پاتل، شعار غیر رسمی شرکت گوگل را در چه سالی ثبت کرد؟,,سال ۲۰۰۹</ANSWER>,1611605,107
ساختمان اصلی گوگل به چه نامی شناخته می‌شود؟,گوگل‌پلکس,<ANSWER>گوگل‌پلکس</ANSWER>,1612164,107
اولین خواننده هیپ هاپ در فرانسه چه کسی بود؟,,<ANSWER>کایل سی. جی</ANSWER>,1617653,110
ژاپن از چند جزیره تشکیل شده‌است؟,بیش از ۶۸۰۰ جزیره,<ANSWER>۶۸۵۲ جزیره</ANSWER>,1622386,113
نام 3 خواهر ناتنی رضاه چیست؟,,<ANSWER>فاطمه، حمیده و بهجت</ANSWER>,1637301,123
در لغت‌نامه دهخدا واژه گیلان به چه معناست؟,محل سکونت گیل‌ها,<ANSWER>به معنای سرزمین قوم گیل</ANSWER>,1609793,106
 دلیل کافی برای کشف اکسیژن توسط سندی‌ووجیس از دیدگاه بوگاج چیست؟,جداسازی اکسیژن و ارتباط مناسب ماده با آن قسمت از هوا که برای زندگی لازم است,<ANSWER>نظریه فلوژیستون</ANSWER>,1624407,114
جان دالتون درمورد جرم اتمی اکسیژن به چه نتیجه‌ای رسیده‌‌بود؟,به این نتیجه رسید که جرم اتمی اکسیژن ۸ برابر بیشتر از هیدروژن است,<ANSWER>۷</ANSWER>,1624572,114
میان‌رودان تحت سلطه کدام کشور بود؟,ایران,<ANSWER>امپراتوری عثمانی</ANSWER>,1642074,126
قدمت شنا کردن به حدود چند سال قبل از میلاد بر می گردد؟,,<ANSWER>۷۰۰۰ سال</ANSWER>,1645407,128
هنرهای هفتگانه را نام ببرید.,,<ANSWER>نقاشی، مجسمه‌سازی، موسیقی، معماری، ادبیات، تئاتر و سینما</ANSWER>,1647368,129
یکی از پرفروش‌ترین آلبوم‌های سال ۲۰۰۵ برای چه گروهی بوده؟,گروه رپ سندیکای بلگراد,<ANSWER>کولدپلی</ANSWER>,1617816,110
در طی لشگرکشی چه کسی به مسیحیانی که در لشکرش بودند مشکوک شد و آن‌ها را از حکومت و ارتش اخراج کرد؟,یزدگرد دوم,یعقوب المنصور,1642689,126
اولین وب سایتی که در شبکه قرار گرفت درمورد چه بود؟,,<ANSWER>پروژهٔ جهانی وب</ANSWER>,1618996,111
پرچم امویان بر طبق گفتهٔ طبری به چه رنگی بوده‌است؟,سفید,<ANSWER>سیاه</ANSWER>,1607966,105
جاذبه‌های تاریخی تفرش را نام ببرید؟,,<ANSWER>آرامگاه پرفسور حسابی، چاه‌مير، امام‌زاده قاسم، امام‌زاده محمد، امام‌زاده ابوالعلی، امام‌زاده احمد، امام‌زاده یوسف، امام‌زاده سید حسین، غار علی‌خورنده</ANSWER>,1626436,115
چرا بسیاری از وزارتخانه‌ها و سفارتخانه‌ها هلند خارج از پایتخت آن مستقر شده‌اند؟,تمرکززدایی,<ANSWER>به دلیل مسائل تاریخی</ANSWER>,1631393,119
در چه بازه ی زمانی فدراسیون‌های ملی شنا در چندی از کشورهای اروپایی شکل گرفتند؟,در سال ۱۸۸۲ تا ۱۸۸۹,<ANSWER>دهه ۱۸۸۰ و ۱۸۹۰</ANSWER>,1645466,128
برای مردم عراق عجم، منطقه‌ خزر همسایه چگونه است؟,جهانی درهم برهم و واژگون هویت خودشان است,<ANSWER>خطرناک</ANSWER>,1610485,106
پزشکی پرفشار چیست؟,یک درمان پزشکی است,درمانی است که در آن تمام بدن در معرض ۱۰۰٪ اکسیژن تحت فشار بیش از فشار جو قرار می‌گیرد.,1625203,114
در بعضی از گویش‌های رایج در استان خوزستان «بختیاری» برای ادای حرف «خ» از چه حرفی بهره می‌گیرد؟,«ح»,<ANSWER>ک</ANSWER>,1614071,108
درفش کاویانی چه زمانی ازبین رفت؟,پس از سرنگونی ساسانیان,<ANSWER>۶۵۱ میلادی</ANSWER>,1641789,126
مجتمع کاغذسازی هفت‌تپه به تولید چه چیزی می‌پردازد؟,استفاده از ضایعات نیشکر به تولید کاغذ می‌پردازد,<ANSWER>کاغذ</ANSWER>,1614463,108
آخرین فرمانروای زند کیست؟,لطفعلی خان,<ANSWER>لطف علی خان زند</ANSWER>,1602673,101
بلشویک‌ها که بودند؟,,<ANSWER>فراکسیون بزرگ‌تر حزب سوسیال دموکرات کارگری روسیه</ANSWER>,1637428,123
سه عنصر فراوان در کیهان را نام‌ ببرید؟,هیدروژن و هلیوم، اکسیژن,هیدروژن، هلیوم و اکسیژن</ANSWER>,1624234,114
خطوط زمینی پهن باند از چه طریقی است؟,از طریق کابل کواکسیال، فیبر نوری یا سیم مسی,<ANSWER>فناوری DSL</ANSWER>,1619771,111
پا زدن در شنای پروانه شبیه به پا زدن در کدام حرکت شنا است؟,کرال سینه,<ANSWER>دلفین کیک</ANSWER>,1627714,116
مرادعلی خان در کدام سال خورشیدی در جنگ کشته شد؟,۱۲۳۵,<ANSWER>۱۱۷۱</ANSWER>,1637293,123
دفتر مرکزی شرکت یاهو در کجا قرار دارد؟,,<ANSWER>سانی‌ویل، کالیفرنیا</ANSWER>,1611831,107
معاون لینکلن چه کسی بود؟,اندرو جانسون,<ANSWER>اندرو جانسون</ANSWER>,1635757,122
زبان رسمی کشور کانادا چیست؟,,<ANSWER>زبان انگلیسی و فرانسوی</ANSWER>,1639073,124
 امروزه پذیرفته ‌ترین نظریه درباره ی خاستگاه تئاتر چیست؟,منشأ آئینی امروز پذیرفته‌ترین نظریه دربارهٔ خاستگاه تئاتر است,<ANSWER>نظریهٔ مناسک مذهبی</ANSWER>,1646911,129
چرا تجارت قند و چای در انحصار ایران بود؟,,<ANSWER> [N/A] </ANSWER>,1637843,123
شنای پروانه نیاز به چه چیزی دارد تا صورت بگیرد؟,تکنیک مناسب,<ANSWER>توانایی بدنی</ANSWER>,1627661,116
در سال 1950 گیلان به چند شهرستان تقسیم شده بود؟,پنج شهرستان,<ANSWER>4</ANSWER>,1610312,106
ابن فقیه همدانی در کتاب «اخبار البلدان» آورده‌است که :آبادی طبرس در سده اول هجری از تعلقات کجا بوده؟,همدان,<ANSWER>دیلم</ANSWER>,1626551,115
تئاتر در کدام دسته از هنرها جای می گیرد؟,تئاتر یکی از شاخه های  هنرهای نمایشی است,<ANSWER>هنرهای نمایشی</ANSWER>,1646746,129
خواننده رپ با چه چیزی همراهی می‌شود؟,«بیت»,موسیقی همراه با ضرب‌آهنگ (بیت) و موسیقی متن (بک‌گراند),1616960,110
به کدام قسمت اروپا، اروپای جوان گفته می‌شود؟,,<ANSWER>جنوب شرقی اروپا (بالکان)</ANSWER>,1605287,103
کتاب محبوب باغ گیاه‌شناسی اثر کیست؟,اراسموس داروین,<ANSWER>آماندا کوئیک</ANSWER>,1624519,114
منظور از میانه‌روها چیست؟,,<ANSWER>مخالف افراط‌گرایی</ANSWER>,1635523,122
در انتخابات ریاست جمهوری سال ۱۹۲۰ آمریکا وارن گامالیل هاردینگ چه کسی را شکست داد؟,جیمز کاکس دموکرات,جیمز میدلتون کاکس</ANSWER>,1635816,122
پاسارگاد در فارسنامه ابن بلخی به چه نامی ذکر شده‌است؟,کمه,طخره گاه,1615633,109
تراژدی کمدی های دوره ی نئو کلاسیک را بیشتر با چه عنوانی نام می برند؟,بیشتر با عنوان «عشق در برابر شرف» یا «شنل و شمشیر» یا «عشق و وظیفه» نام می‌برند,<ANSWER>درام بورژوایی</ANSWER>,1647479,129
اولین بار در چه تاریخی مسابقه ی شنا در مسافت ۴۴۰ یارد در استرالیا برپا شد؟,سال ۱۸۴۶,<ANSWER>۱۵ دسامبر ۱۸۵۸</ANSWER>,1645463,128
چند بازی چند نفره نام ببرید؟,,<ANSWER>فورتنایت، ماینکرافت، کال آو دیوتی</ANSWER>,1619939,111
چند مورد از سوغاتی‌های استان گیلان را نام ببرید؟,محصولات کشاورزی و دامی، پرندگان، ماهی‌ها، ترشیجات و مربا، صنایع دستی ابریشمی، چوبی و حصیری از جمله سوغاتی‌های گیلان هستند,کلوچه، رشته خوشکار، زیتون پرورده، چای، ابریشم‌بافی و حصیربافی,1610198,106
مرز بین دو گویش عمده خاوری و باختری کجاست؟,سفیدرود,<ANSWER>جنوب شرق فارس</ANSWER>,1609967,106
معنای لغوی تئاتر چیست؟,,<ANSWER>محل تماشا</ANSWER>,1647480,129
اینترنت در چه سال‌هایی دوره‌های کوتاهی از رشد انفجاری داشته‌است؟,سال‌های ۱۹۹۶و۱۹۹۷,۱۹۹۶ و ۱۹۹۹,1619226,111
تصاویر و اسناد و سایر پرونده‌ها می‌تواند چگونه ارسال شود؟,به صورت پیوست نامه الکترونیک,<ANSWER>از طریق ایمیل، برنامه‌های پیام‌رسان، یا پلتفرم‌های ابری</ANSWER>,1619606,111
مساحت اصلی ژاپن را کدام جزایر تشکیل داده‌است؟,۹۸٪ مساحت ژاپن از چهار جزیره به نام‌های هوکایدو، هونشو، شیکوکو و کیوشو تشکیل شده‌است.,<ANSWER>هوکایدو، هونشو، شیکوکو، و کیوشو</ANSWER>,1622388,113
 به نمایشی که به شکل جدی و مصیبت بار آغاز می‌شود اما شادمانه و با پایان خوش به اتمام می‌رسد؛ چه می گویند؟,تراژدی‌کمدی,<ANSWER>کمدی-تراژیک</ANSWER>,1647478,129
این بیم وجود داشت که با خروج نیروهای بریتانیایی، تهران هدف حمله‌ی چه کسانی واقع شود؟,بلشویک‌ها و نیروهای تحت حمایت آن‌ها,<ANSWER>قشون سرخ</ANSWER>,1637484,123
ماهواره‌ها نیروی خود را از چه طریقی می‌گیرند؟,سلول‌های خورشیدی,<ANSWER>پنل‌های خورشیدی</ANSWER>,1632916,120
قاره اروپا بعد از کدام قاره، دومین قاره کوچک جهان است؟,قاره اقیانوسیه,<ANSWER>استرالیا</ANSWER>,1605116,103
موسیقی هیپ هاپ در چه زمانی در کره جنوبی محبوبیت یافت؟,در اواسط دهه نود قرن بیستم,<ANSWER>دهه ۱۹۹۰</ANSWER>,1617361,110
پیروزی رونالد ریگان در ابتدای دهه ۱۹۸۰، پیروزی کدام جناح حزب جمهوری‌خواه بود؟,جناح راست,محافظه‌کاران جناح راستِ حزب جمهوری‌خواه,1635989,122
گوگل داکیومنت چیست؟,,<ANSWER>نرم‌افزار واژه پرداز</ANSWER>,1612730,107
کدام دریا بزرگ‌ترین دریاچه جهان است؟,دریای خزر,<ANSWER>دریای خزر</ANSWER>,1628878,117
در چه سالی مسابقات جام جهانی برای اولین بار از طریق تلویزیون پخش شدند؟,۱۹۵۴,<ANSWER>سال ۱۹۵۴</ANSWER>,1606689,104
ژاپنی‌ها چگونه در ساخت کاغذ از گیاهان استفاده می‌کنند؟,,<ANSWER>با استفاده از الیاف گیاهانی مانند کوزو، میتسوماتا و گامپی</ANSWER>,1622508,113
چه کسانی نشان دادند که نسبت حجمی هیدروژن نسبت به اکسیژن در آب ۲ به ۱ است؟,ژوزف لویی گیلوساک و الکساندر فون هومبولت,<ANSWER>گای-لوساک و هومبولت</ANSWER>,1624574,114
مخالفان رضاشاه او را مسئول برباد رفتن چه چیزی در ایران می‌دانند؟,مشروطیت,<ANSWER>سنت و دین</ANSWER>,1637164,123
سلطان درجهٔ نظامی برابر با چیست؟,سرهنگ,<ANSWER>امیر</ANSWER>,1637291,123
کلیسای کاتولیک به چند آیین اصلی کلیسا باور دارد؟,هفت,<ANSWER>هفت آیین</ANSWER>,1630217,118
سؤال همیشگی والدینی که علاقمند هستند فرزندانشان شنا یاد بگیرند چیست؟,چه موقع باید آموزش شنا را شروع کرد,<ANSWER>چگونه از غرق شدن جلوگیری کنیم؟</ANSWER>,1645688,128
چه کسی شنای پروانه را ابداع کرد؟,,<ANSWER>هنری مایرز</ANSWER>,1627663,116
پیش از وقوع مهاجرت گسترده در جریان قرن بیستم و پس از آن، جمعیت خوزستان غالباً از چند گروه زبانی تشکیل می‌شد؟,دو گروه زبانی,<ANSWER>۴</ANSWER>,1614183,108
رضاشاه پهلوی در چه سال‌هایی پادشاه ایران بود؟,از ۱۳۰۴ تا ۱۳۲۰ خورشیدی,<ANSWER>سال ۱۳۰۴ تا سال ۱۳۲۰</ANSWER>,1637104,123
ناصرالدین شاه در چه سالی از دنیا رفت؟,,<ANSWER>سال ۱۸۹۶</ANSWER>,1604009,102
نوار سیلیسیمی چیست؟,,<ANSWER>ردیاب ذرات</ANSWER>,1624866,114
فرهنگ بودایی در کدام قرن به رشد و شکوفایی رسید؟,قرن هشتم,<ANSWER>قرن سوم پیش از میلاد</ANSWER>,1622780,113
دیگر چهرهٔ شاخص کودتا اسفند 1299 که بود؟,سید ضیاءالدین طباطبایی,<ANSWER>رضاخان</ANSWER>,1637549,123
 در چه سالی برای اولین بار مسابقات جام جهانی دارای مرحله گروهی شدند؟,۱۹۳۴,<ANSWER>سال ۱۹۵۰</ANSWER>,1606631,104
چه کشورهایی از قاره اروپا یک بار میزبان مسابقات جام جهانی بوده‌اند؟,سوئیس ، سوئد ، انگلستان ،اسپانیا ، آلمان ،روسیه و آلمان غربی,<ANSWER>سوئیس، سوئد، انگلستان، اسپانیا و روسیه</ANSWER>,1606460,104
در بازه 1996 تا 2006 چند نفر از گیلان مهاجرت کردند؟,۱۷۷٬۷۰۷ نفر,<ANSWER>۴۶٬۳۲۶ نفر</ANSWER>,1609910,106
به چه دلیل رشته بدن‌سازی در سال ۲۰۱۰ از برنامه رقابت‌های بازی‌های آسیایی کنار گذاشته شد؟,به دنبال انتقاد از نحوه و کیفیت داوری در رقابت‌های رشتهٔ بدن‌سازی در بازی‌های سال ۲۰۰۶,به دلیل دوپینگ زیاد,1648645,130
ساسانیان با چه کسانی دشمنی داشتند؟,اشکانیان,<ANSWER>رومیان و هپتالیان</ANSWER>,1642078,126
در چه روزهایی گیلان گردشگران زیادی را به سوی خود جلب می‌کند؟,روزهای تعطیل و غیرتعطیل,<ANSWER>پنج‌شنبه و جمعه</ANSWER>,1610372,106
مرحله ی توسعه و بلوغ برای یک قطعه نرم افزار را شرح دهید.,,<ANSWER>ایجاد، آزمایش و نگهداری نرم‌افزار تا رسیدن به ثبات و عملکرد بهینه</ANSWER>,1644243,127
گروه ویژه مهندسی اینترنت چه گروهی است؟,سازمانی بین‌المللی و غیرانتفاعی است و هر فردی می‌تواند در وظایفشان با آن مشارکت کند,<ANSWER>گروه مهندسی اینترنت</ANSWER>,1618993,111
کلیه روستاهای دهستان رودبار در چه منطقه‌ای قرار گرفته؟,منطقه‌ای کاملاً کوهستانی,<ANSWER>شهرستان رودبار</ANSWER>,1626606,115
صدا و سیمای مرکز گیلان در چه سالی فعالیت خود را شروع کرد؟,۱۳۳۴,<ANSWER>سال ۱۳۵۱</ANSWER>,1610537,106
یک نرم‌افزار پیام‌رسان نام ببرید؟,,<ANSWER>واتس‌اپ</ANSWER>,1619390,111
چند عضو شورای المپیک آسیا در بازی‌های آسیایی ۲۰۱۰ حضور پیدا کردند؟,۴۵ عضو,۴۵ عضو</ANSWER>,1648697,130
در کدام کشور برای اولین بار مسابقات جام جهانی  دارای مرحله گروهی شدند؟,ایتالیا,<ANSWER>ایتالیا</ANSWER>,1606632,104
مردم شهرستان اندیمشک و شوش به چه زبانی صحبت می‌کنند؟,زبان لری بالاگریوه ای,<ANSWER>فارسی و لری و عربی</ANSWER>,1614239,108
نام پسر یزدگرد اول چه بود؟,نرسی,<ANSWER>بهرام پنجم</ANSWER>,1642526,126
در سال 1381 شمسی، در مکاتبات انگلیسی، نام دریای شمال ایران چه چیزی اعلام شد؟,کاسپین,<ANSWER>خلیج فارس</ANSWER>,1628936,117
شعار رونالد ریگان در انتخابات سال 1980 چه بود؟,کاهش مالیات‌ها، کاهش هزینه‌های دولت، تقویت بودجه نظامی و کاهش دخالت‌های دولت در امر بخش خصوصی,<ANSWER>آمریکا را دوباره بزرگ کنیم</ANSWER>,1635991,122
چه چیزی در صفحات وب پربیننده می‌تواند سود زیادی دربرداشته باشد؟,تبلیغ برخط,<ANSWER></ANSWER>,1619549,111
 تغییر سرخ و تغییر آبی در چه مقیاسی اتفاق می افتد؟,در مقیاس بسیار کمی,<ANSWER>مقیاس کیهانی</ANSWER>,1640567,125
تفرش با چه جاذبه‌هایی همه ساله پذیرای انبوه مسافران از اقصی نقاط ایران می‌باشد؟,جاذبه‌های طبیعی و تاریخی و امامزاده‌های متعدد,وجود اماکن مذهبی و نیز قابلیت‌های اکوتوریستی منحصربه‌فرد، مانند غار امجک و منطقه شکار ممنوع بازرجان,1626434,115
حزب لیبرال کانادا را توضیح دهید.,,<ANSWER>یک حزب سیاسی فدرال در کانادا است</ANSWER>,1639353,124
شاپور پیروزی خودش را چگونه جشن گرفت؟,شاپور پیروزی خود را با کنده‌کاری کردن یک نقش برجسته شکوهمند در نقش رستم و بیشاپور,<ANSWER>به راه انداختن یک آتش مقدس در آذرگشسپ</ANSWER>,1642018,126
چه کسی در نشریهٔ خود دربارهٔ کشف حجاب و آزادی زنان نوشت و به دلیل شکایت ناظر شریعت زندان محکوم شد؟,ابراهیم خواجه‌نوری,صدیقه دولت‌آبادی,1637896,123
هدف بنیانگذاران گوگل از انتخاب واژه‌ی گوگول چه بود؟,نشان دادن این موضوع بود که موتور جستجوی مورد نظر آنها قرار است که جستجو را در انبوهی از اطلاعات به انجام رساند,<ANSWER>نشان‌دهندهٔ توانایی این جست‌وجوگر برای ارائهٔ حجم بالایی از اطلاعات</ANSWER>,1611768,107
چه چیزی در ریه‌ها به جابجایی کربن مونوکسید از گروه هموگلوبین کمک می‌کند؟,افزایش غلظت اکسیژن,<ANSWER>اکسیژن</ANSWER>,1625207,114
مزار کاشف السلطنه چند سال قدمت دارد؟,,<ANSWER>۹۵ سال</ANSWER>,1610431,106
"کدام دانشنامه در مدخل ""دید عوام نسبت به هویت گیلانی"" می‌نویسد؟",دانشنامه ایرانیکا,<ANSWER>دانشنامهٔ فرهنگ و تمدن گیلان</ANSWER>,1610484,106
ابن مجاهد در چه قرنی می‌زیست؟,چهارم هجری,<ANSWER>قرن سوم</ANSWER>,1601450,100
در سال 2012 جمهوری آذربایجان روزانه چند هزار بشکه نفت از دریای خزر استخراج می‌کرد؟,۸۹۰,<ANSWER>۸۳۵ هزار بشکه</ANSWER>,1629156,117
چه کسی جانشین خوبی برای برادر خود نبود؟,اردشیر دوم,محمد خدابنده</ANSWER>,1642469,126
مواد اولیه ی ایلیاد و ادیسه ی هومر از کدام تمدن گرفته شده است؟ ,تمدن باستانی اژه‌ای,<ANSWER>تمدن میسنی</ANSWER>,1647027,129
در چه سالی قباد اول گریخت؟,۴۹۸,<ANSWER>سال ۴۹۶</ANSWER>,1642803,126
آبشار نیاگارا در کدام کشور می باشد؟,کانادا,<ANSWER>کانادا</ANSWER>,1639239,124
برنامه‌نویس‌ها در بخش‌های سازمان فناوری اطلاعات چه شرکت‌هایی کار می‌کنند؟,شرکت‌های نرم‌افزاری بزرگ، شرکت‌های خدمت‌رسانی کوچک و نهادهای دولتی,<ANSWER></ANSWER>,1634179,121
