question,answer,model_answer,clean_model_answer,is_correct,id
آیا کاترین لانگفورد نقش دختر بچه نوجوانی که هانا بیکر نام داشت را در سریال ۱۳ دلیل برای اینکه بازی کرده است ؟,بله,بله، کاترین لانگفورد نقش هانا بیکر را در سریال ۱۳ دلیل برای اینکه بازی کرده است.,بله، کاترین لانگفورد نقش هانا بیکر را در سریال ۱۳ دلیل برای اینکه بازی کرده است.,True,
کدام یک از بازیگران فیلم اثر پروانه‌ای در فیلم آینه‌ها نیز ایفای نقش کرده است ؟,ایمی اسمارت,لیلا حاتمی,لیلا حاتمی,False,
کدام بازی ویدیویی شرکتی ژاپنی منبع الهام طراحی بازی سوپرتاکس بوده است ؟,برادران سوپر ماریو,"بازی ویدیویی ""Super Mario Bros.""","بازی ویدیویی ""Super Mario Bros.""",True,
یکی از بازی های معروف شرکتی که اولین کنسول بازی ویدیویی خود را در سال ۱۹۹۷ توزیع کرد ؟,برادران سوپر ماریو,"بازی ""پوکمون"" از شرکت نینتندو","بازی ""پوکمون"" از شرکت نینتندو",False,
آیا جایزه ای که سیدیبه در سال 2007 آن را دریافت کرد برای افرادی است که نقش مهمی در سینما داشته‌اند ؟,بله,بله، این جایزه برای افرادی است که نقش مهمی در سینما داشته‌اند.,بله، این جایزه برای افرادی است که نقش مهمی در سینما داشته‌اند.,True,
آیا محمدرضا ترکی در نشریه نامه فرهنگستان نقش تصمیم گیرنده پذیرش یا رد مقالات را بر عهده داشت ؟,بله,بله، محمدرضا ترکی در نشریه نامه فرهنگستان نقش تصمیم‌گیرنده پذیرش یا رد مقالات را بر عهده داشت.,بله، محمدرضا ترکی در نشریه نامه فرهنگستان نقش تصمیم‌گیرنده پذیرش یا رد مقالات را بر عهده داشت.,True,
آیا شرکت سازنده دورنیر دو ۲۱۷ هواگردهای نظامی و غیرنظامی بسیاری را طراحی و تولید نموده است  ؟,بله,بله، شرکت سازنده دورنیر دو ۲۱۷ هواگردهای نظامی و غیرنظامی بسیاری را طراحی و تولید نموده است.,بله، شرکت سازنده دورنیر دو ۲۱۷ هواگردهای نظامی و غیرنظامی بسیاری را طراحی و تولید نموده است.,True,
کدام یک از زبان هایی که کلمه حمد در آن استفاده می شود در جنوب آسیا گفتگو می شود ؟,زبان اردو,زبان اردو,زبان اردو,True,
آیا شرکتی که بازی این‌اسلیو: اودیسه به سمت غرب  توسط آن منتشر شده یک شرکت چند ملیتی می باشد ؟,بله,بله، شرکتی که بازی این‌اسلیو: اودیسه به سمت غرب را منتشر کرده، یک شرکت چند ملیتی است.,بله، شرکتی که بازی این‌اسلیو: اودیسه به سمت غرب را منتشر کرده، یک شرکت چند ملیتی است.,True,
شرکتی که بازی این‌اسلیو: اودیسه به سمت غرب  توسط آن منتشر شده است در کدام کشور قرار دارد ؟,ژاپن,شرکت منتشرکننده بازی این‌اسلیو: اودیسه به سمت غرب در کشور سوئد قرار دارد.,شرکت منتشرکننده بازی این‌اسلیو: اودیسه به سمت غرب در کشور سوئد قرار دارد.,False,
برنامه تلویزیونی زابیواکا برای چندمین دوره ی جام جهانی پخش شد ؟,بیست و یکمین,برنامه تلویزیونی زابیواکا برای سومین دوره جام جهانی پخش شد.,برنامه تلویزیونی زابیواکا برای سومین دوره جام جهانی پخش شد.,False,
کدام ویژه برنامه در بیست و یکمین دوره جام جهانی فوتبال از تلویزیون اینترنتی آیو اسپرت پخش شد ؟,زابیواکا,"ویژه برنامه ""جام جهانی 2022""","ویژه برنامه ""جام جهانی 2022""",False,
جام جهانی که برنامه تلویزیونی زابیواکا ویژه آن پخش شد با قهرمانی کدام تیم پایان یافت ؟,فرانسه,جام جهانی 2018 با قهرمانی تیم ملی فرانسه پایان یافت.,جام جهانی 2018 با قهرمانی تیم ملی فرانسه پایان یافت.,True,
کدام ویژه برنامه در اولین دوره جام جهانی فوتبال در اروپای شرقی از تلویزیون اینترنتی آیو اسپرت پخش شد ؟,زابیواکا,"ویژه برنامه ""فوتبال 360""","ویژه برنامه ""فوتبال 360""",False,
داده های ماهواره ای که نخستین‌ بار نقشه‌بردار موضوعی بر روی آن نصب شد در چه سالی فعالیتش پایان یافت ؟,سال ۱۹۹۳,سال 2015,سال 2015,False,
آیا ویژه برنامه بیست و یکمین دوره ی جام جهانی فوتبال توسط مجید یاسر و علی انصاریان اجرا شد ؟,بله,بله، ویژه برنامه بیست و یکمین دوره جام جهانی فوتبال توسط مجید یاسر و علی انصاریان اجرا شد.,بله، ویژه برنامه بیست و یکمین دوره جام جهانی فوتبال توسط مجید یاسر و علی انصاریان اجرا شد.,True,
آیا فرانسه در جام جهانی ای که ویژه برنامه زابیواکا از تلویزیون اینترنتی آیو اسپرت پخش می‌شد قهرمان جهان شد ؟,بله,بله، فرانسه در جام جهانی 2018 قهرمان جهان شد.,بله، فرانسه در جام جهانی 2018 قهرمان جهان شد.,True,
آیا نویسنده‌ی هری پاتر و تالار اسرار چند داستان جنایی نوشته است ؟,بله,بله، نویسنده‌ی هری پاتر و تالار اسرار، جی. کی. رولینگ، چند داستان جنایی نوشته است.,بله، نویسنده‌ی هری پاتر و تالار اسرار، جی. کی. رولینگ، چند داستان جنایی نوشته است.,True,
آیا مجموعه فانتزی هری پاتر و ترانه بیلی جین از پرفروش ترین آثار می باشند ؟,بله,بله، مجموعه فانتزی هری پاتر و ترانه بیلی جین از پرفروش‌ترین آثار هستند.,بله، مجموعه فانتزی هری پاتر و ترانه بیلی جین از پرفروش‌ترین آثار هستند.,True,
کدام بازیگر آمریکایی که در فیلم نیمه ماه مارس ایفای نقش کرده نامزد دریافت یک جایزهٔ فیلم بفتا و یک جایزهٔ گلدن گلوب بوده‌است ؟,مریسا تومی,ریس ویترسپون,ریس ویترسپون,False,
استودیویی که فیلم کایوت در برابر اکمی در آینده به وسیله آن توزیع خواهد شد متعلق به کدام رسانه است ؟,رسانه وارنر,استودیوی توزیع فیلم کایوت در برابر اکمی متعلق به رسانه سونی پیکچرز است.,استودیوی توزیع فیلم کایوت در برابر اکمی متعلق به رسانه سونی پیکچرز است.,False,
کدام تیم ژاپنی سابقه ۲ قهرمانی در رقابت سالانهٔ فوتبال باشگاهی قاره‌ای که توسط کنفدراسیون فوتبال آسیا اداره می‌شود را دارد ؟,اوراوا رد دایمندز,تیم فوتبال اوراوا رد دیاموندز,تیم فوتبال اوراوا رد دیاموندز,True,
نام رسمی لیگی که تیم اوراوا رد دایمندز سابقه قهرمانی در فصل‌های ۲۰۰۷ و ۲۰۱۷ را در آن دارد چیست ؟,لیگ قهرمانان ای‌اف‌سی,لیگ ژاپن (J1 League),لیگ ژاپن (J1 League),False,
سرمربی فعلی تیم ملی فوتبالی که فرانسیسکو خنتو در دورانی ۱۴ ساله از سال ۱۹۵۵ تا ۱۹۶۹ عضو آن بوده چه کسی است ؟,لوییس انریکه,لوئیس انریکه,لوئیس انریکه,True,
کدام بازیگر فیلم حیات در سال ۲۰۱۰ در فیلم شاهزاده ایران شن های زمان شخصیت اصلی را بر عهده داشت است ؟,جیک جیلنهال,جیک جیلنهال,جیک جیلنهال,True,
یکی از بازیگران فیلم حیات که بازیگری را در ده سالگی شروع کرد، در سال ۲۰۰۴ چه فیلمی بازی کرده است ؟,روز پس از فردا,"فیلم ""نیکو""","فیلم ""نیکو""",False,
نام یکی از بازیگران فیلم حیات که در فیلمی در سال 2005 در نقش یک تکاور بازی می کرد چیست ؟,جیک جیلنهال,آرون اکهارت,آرون اکهارت,False,
دفتر اصلی شرکت چینی که تلفن هوشمند هواوی آنر ۴سی را تحت برند آنر عرضه کرده در کدام شهر است ؟,شنژن,شهر شنژن,شهر شنژن,True,
آیا فیلیپ تورتون در شهر تاریخی ای که مرکز نورماندی بود متولد شده است ؟,بله,بله، فیلیپ تورتون در شهر تاریخی روئن که مرکز نورماندی بود متولد شده است.,بله، فیلیپ تورتون در شهر تاریخی روئن که مرکز نورماندی بود متولد شده است.,True,
سابقه ی یک سوغات اصفهان که از صنایع دستی محسوب میشود حدود چند سال است ؟,پنج هزار سال,حدود 400 سال,حدود 400 سال,False,
 محصولی که چهارمین محصول کشاورزی کشت شده در جهان بوده و در آن نیکوتین وجود دارد چه نام دارد ؟,سیب زمینی,تنباکو,تنباکو,False,
شرکت عرضه کننده بازی های فال اوت و الدر اسکورولز که بازی رستاخیز را هم عرضه کرده است چه نام دارد ؟,بتزدا,شرکت بتسدا (Bethesda),شرکت بتسدا (Bethesda),True,
شرکت زیر مجموعه ماکروسافت که بازی رستاخیز را برای ویندوز، اکس باکس و پلی استیشن عرضه کرده است چه نام دارد ؟,بتزدا,"شرکت ""بتزدا"" (Bethesda) است.","شرکت ""بتزدا"" (Bethesda) است.",True,
آیا ماکروسافت شرکت منتشر کننده بازی رستاخیز را در سال ۲۰۲۰ خریداری کرده است ؟,بله,بله، مایکروسافت شرکت منتشر کننده بازی رستاخیز را در سال ۲۰۲۰ خریداری کرده است.,بله، مایکروسافت شرکت منتشر کننده بازی رستاخیز را در سال ۲۰۲۰ خریداری کرده است.,True,
در جنگی که آنه فرانک در آن کشته شد حدود چند نفر کشته شدند ؟,۷۰ تا ۸۵ میلیون,در جنگ جهانی دوم، حدود 70 تا 85 میلیون نفر کشته شدند.,در جنگ جهانی دوم، حدود 70 تا 85 میلیون نفر کشته شدند.,True,
چند کشور جهان در جنگی که آنه فرانک در آن کشته شد درگیر شدند ؟,30 کشور,در جنگ جهانی دوم، بیش از 30 کشور درگیر شدند.,در جنگ جهانی دوم، بیش از 30 کشور درگیر شدند.,True,
عنصر اصلی ماده ای که پودر سنگ از آن بر اثر نیروی سایش یخچال ها بر کف یخچال به وجود می‌آید چیست ؟,سلیس,سیلیس,سیلیس,True,
کدام یک از فیلم هایی که موسیقی آن در استودیو بل ضبط شده است در روزهای دوشنبه پخش می شد ؟,سربداران,"فیلم ""شهرزاد""","فیلم ""شهرزاد""",False,
نوسینده کدام یک از فیلم هایی که در استودیو  بل ضبط شده است کیهان رهگذار بوده است ؟,بله,"فیلم ""کیهان رهگذار""","فیلم ""کیهان رهگذار""",False,
پادشاه افغانی که سد سرده در زمان آن ساخته شد به مدت چند سال بر افغانستان حمک فرمایی کرد ؟,چهل سال,پادشاه افغانی که سد سرده در زمان او ساخته شد، امان‌الله خان بود و به مدت 10 سال (از 1919 تا 1929) بر افغانستان حکومت کرد.,پادشاه افغانی که سد سرده در زمان او ساخته شد، امان‌الله خان بود و به مدت 10 سال (از 1919 تا 1929) بر افغانستان حکومت کرد.,False,
آیا پادشاه افغانی که سد سرده در زمان آن ساخته شد توانست دوره‌ای از صلح پایدار را در افغانستان برقرار کند ؟,بله,خیر، پادشاه افغانی که سد سرده در زمان او ساخته شد، نتوانست دوره‌ای از صلح پایدار را در افغانستان برقرار کند.,خیر، پادشاه افغانی که سد سرده در زمان او ساخته شد، نتوانست دوره‌ای از صلح پایدار را در افغانستان برقرار کند.,False,
در جشنواره ای که نخستین نمایش فیلم اگر سنگ از آسمان ببارد در آن انجام شد چه کسی رئیس هیئت داوران بود ؟,جرج میلر,رئیس هیئت داوران جشنواره، عباس کیارستمی بود.,رئیس هیئت داوران جشنواره، عباس کیارستمی بود.,False,
در جشنواره ای که نخستین نمایش فیلم اگر سنگ از آسمان ببارد در آن انجام شد شهاب حسینی جایزه بهترین بازیگر نقش اول مرد را دریافت کرد ؟,بله,در جشنواره فیلم فجر,در جشنواره فیلم فجر,False,
بازیگر نقش اصلی فیلم تنر هال در کدام فیلم به همراه کیت بلانشت نقش آفرینی کرده است ؟,کوچه کابوس,"بازیگر نقش اصلی فیلم تنر هال، ""روبی رز"" است که در فیلم ""کارول"" به همراه کیت بلانشت نقش آفرینی کرده است.","بازیگر نقش اصلی فیلم تنر هال، ""روبی رز"" است که در فیلم ""کارول"" به همراه کیت بلانشت نقش آفرینی کرده است.",False,
کدام بازیگر فیلم تریپل اکس موسیقی‌دان اهل ایالات متحده آمریما است ؟,ایو,وین دیزل,وین دیزل,False,
آیا کارگردان دو فیلم استخراج و ماشین پلیس جان واتس می باشد ؟,خیر,خیر، کارگردان فیلم استخراج، سم هارگریو و کارگردان فیلم ماشین پلیس، جان واتس است.,خیر، کارگردان فیلم استخراج، سم هارگریو و کارگردان فیلم ماشین پلیس، جان واتس است.,False,
کارگردان فیلم استخراج از چه سالی مشغول به فعالیت است ؟,2005,کارگردان فیلم استخراج، سم هارگریو، از سال 2007 مشغول به فعالیت است.,کارگردان فیلم استخراج، سم هارگریو، از سال 2007 مشغول به فعالیت است.,False,
آیا ایو و استیون سی میلر هر دو آمریکایی هستند ؟,بله,بله، ایو و استیون سی میلر هر دو آمریکایی هستند.,بله، ایو و استیون سی میلر هر دو آمریکایی هستند.,True,
کارگردان دو فیلم پرومتئوس و مجموعه فیلم بیگانه چه کسی می باشد ؟,ریدلی اسکات,ریدلی اسکات,ریدلی اسکات,True,
آیا قورباغه ها و مارمولک‌ها هر دو از راسته بی‌دمان هستند ؟,خیر,خیر، قورباغه‌ها از راسته دوزیستان و مارمولک‌ها از راسته خزندگان هستند.,خیر، قورباغه‌ها از راسته دوزیستان و مارمولک‌ها از راسته خزندگان هستند.,False,
کدام زبان برنامه نویسی که توسط بلوفیش پشتیبانی می شود از لحاظ نحو شبیه به سی‌شارپ است ؟,والا,زبان برنامه‌نویسی فلاتر (Dart),زبان برنامه‌نویسی فلاتر (Dart),False,
در کدام کتاب از سردبیر مجله کارنامه از حسین پاینده به عنوان منتقدی که به پیش برد نقد ادبی یاری رسانده یاد شده است ؟,باغ در باغ,"در کتاب ""نقد ادبی در ایران"" از حسین پاینده یاد شده است.","در کتاب ""نقد ادبی در ایران"" از حسین پاینده یاد شده است.",False,
آیا نویسنده کتاب باغ در باغ از تأثیرگذارترین داستان‌نویسان معاصر زبان فارسی بوده است ؟,بله,بله، نویسنده کتاب باغ در باغ از تأثیرگذارترین داستان‌نویسان معاصر زبان فارسی بوده است.,بله، نویسنده کتاب باغ در باغ از تأثیرگذارترین داستان‌نویسان معاصر زبان فارسی بوده است.,True,
مجله ای که پل جرج کلبنیکوف به مدت ده سال برای آن کار می کرد توسط چه کسی تاسیس شد ؟,بیسی فوربز,مجله توسط ولادیمیر مایاکوفسکی تاسیس شد.,مجله توسط ولادیمیر مایاکوفسکی تاسیس شد.,False,
از بین نگاناسان‌ها و مردم انتس جمعیت کدام کمتر است ؟,انتس,جمعیت نگاناسان‌ها کمتر است.,جمعیت نگاناسان‌ها کمتر است.,False,
آیا شغل اصلی نگاناسان‌ها و مردم انتس دامپروری در گله‌های گوزن شمالی می‌باشد ؟,بله,بله، شغل اصلی نگاناسان‌ها و مردم انتس دامپروری در گله‌های گوزن شمالی است.,بله، شغل اصلی نگاناسان‌ها و مردم انتس دامپروری در گله‌های گوزن شمالی است.,True,
آیا نگاناسان‌ها و مردم انتس هر دو به زبان نگاناسانی تکلم می کنند ؟,خیر,بله، نگاناسان‌ها و مردم انتس هر دو به زبان نگاناسانی تکلم می‌کنند.,بله، نگاناسان‌ها و مردم انتس هر دو به زبان نگاناسانی تکلم می‌کنند.,False,
آیا نگاناسان‌ها و مردم انتس هر دو نزدیک به مدار قطب شمال به‌سر می‌برند ؟,خیر,بله، نگاناسان‌ها و مردم انتس هر دو نزدیک به مدار قطب شمال به‌سر می‌برند.,بله، نگاناسان‌ها و مردم انتس هر دو نزدیک به مدار قطب شمال به‌سر می‌برند.,False,
کدام یک از بازیگران فیلم آخرین شکارچی جادوگر برنده اسکار و گلدن گلوب شده است ؟,مایکل کین,وین دیزل,وین دیزل,False,
آیا شرکت تکمو در همان سالی که بازی نینجا گایدن اولین بار در آمریکای شمالی عرضه شد تاسیس گردید ؟,خیر,خیر، شرکت تکمو در سال 1981 تاسیس شد و بازی نینجا گایدن در سال 1988 در آمریکای شمالی عرضه شد.,خیر، شرکت تکمو در سال 1981 تاسیس شد و بازی نینجا گایدن در سال 1988 در آمریکای شمالی عرضه شد.,True,
تصویرگر مجموعه شکار جانور شگفت‌انگیز از اعضای کدام گروه نقاشان بود ؟,پیشارافائلی,تصویرگر مجموعه شکار جانور شگفت‌انگیز از اعضای گروه نقاشان رمانتیک بود.,تصویرگر مجموعه شکار جانور شگفت‌انگیز از اعضای گروه نقاشان رمانتیک بود.,False,
 کدام یک از نشانه های آبله‌میمون باعث می شود بسیاری از میکروب ها توانایی رشد نداشته باشند ؟,تب,پروتئین‌های ضد میکروبی,پروتئین‌های ضد میکروبی,False,
آیا موسس سورا ال‌تی‌دی مجموعه بازی برادران سوپر اسمش را منتشر کرده است  ؟,خیر,خیر، موسس سورا ال‌تی‌دی مجموعه بازی برادران سوپر اسمش را منتشر نکرده است. این بازی توسط نینتندو توسعه یافته است.,خیر، موسس سورا ال‌تی‌دی مجموعه بازی برادران سوپر اسمش را منتشر نکرده است. این بازی توسط نینتندو توسعه یافته است.,True,
شرکت منتشر کننده آهنگ بیلی جین در چه سالی بنیان‌گذاشته شد ؟,سال 1953,"شرکت منتشر کننده آهنگ بیلی جین، ""اپیک رکوردز""، در سال 1953 بنیان‌گذاری شد.","شرکت منتشر کننده آهنگ بیلی جین، ""اپیک رکوردز""، در سال 1953 بنیان‌گذاری شد.",True,
کسی که شخصیت های مجموعه تجربیات سریالی لین را طراحی کرده عمدتا در کدام حوزه کار می کند ؟,انیمه و مانگا,حوزه طراحی بازی و انیمیشن,حوزه طراحی بازی و انیمیشن,False,
کدام یک از مردمانی که از تکنیک تیراندازی با کمان استفاده می کردند قومی از نژاد زرد هستند ؟,مغول‌ها,مردمان مغول,مردمان مغول,True,
کدام یک از فلزات نجیب به معنی زنده می باشد ؟,جیوه,پلاتین,پلاتین,False,
آیا نقره زنده به عنوان فلزات نجیب شناخته می شود ؟,بله,خیر، نقره زنده (جیوه) به عنوان فلز نجیب شناخته نمی‌شود.,خیر، نقره زنده (جیوه) به عنوان فلز نجیب شناخته نمی‌شود.,False,
کنسول بازی که ایس کمبت ۷: آسمان‌های ناشناخته در ژانویه 2019 برای آن منتشر شد توسط کدام شرکت معرفی شده است ؟,مایکروسافت,کنسول بازی پلی‌استیشن 4 توسط شرکت سونی معرفی شده است.,کنسول بازی پلی‌استیشن 4 توسط شرکت سونی معرفی شده است.,False,
آیا شرکت نینتندو زودتر از شرکت تکمو تاسیس شد ؟,خیر,بله، شرکت نینتندو در سال 1889 تاسیس شد، در حالی که شرکت تکمو در سال 1981 تأسیس گردید.,بله، شرکت نینتندو در سال 1889 تاسیس شد، در حالی که شرکت تکمو در سال 1981 تأسیس گردید.,False,
آیا جایزه ادبی من بوکر و جوایز گلدن گلوب هر دو به بهترین تولیدات سینمایی و تلویزیونی، هم داخلی و هم خارجی اهدا می‌گردد ؟,خیر,خیر، جایزه ادبی من بوکر به آثار ادبی اهدا می‌شود، در حالی که جوایز گلدن گلوب به بهترین تولیدات سینمایی و تلویزیونی تعلق می‌گیرد.,خیر، جایزه ادبی من بوکر به آثار ادبی اهدا می‌شود، در حالی که جوایز گلدن گلوب به بهترین تولیدات سینمایی و تلویزیونی تعلق می‌گیرد.,False,
آیا نخستین جوایز گلدن گلوب زودتر از جایزه شیر طلایی اهدا گردید ؟,بله,خیر، نخستین جوایز گلدن گلوب بعد از جایزه شیر طلایی اهدا گردید.,خیر، نخستین جوایز گلدن گلوب بعد از جایزه شیر طلایی اهدا گردید.,False,
آیا نینجا گایدن و ندای وظیفه هر دو توسط یک شرکت منتشر شده اند ؟,خیر,خیر، نینجا گایدن توسط شرکت Tecmo و ندای وظیفه توسط Activision منتشر شده است.,خیر، نینجا گایدن توسط شرکت Tecmo و ندای وظیفه توسط Activision منتشر شده است.,False,
آیا شرکت منتشر کننده نینجا گایدن بازی ندای وظیفه را منتشر کرده است ؟,خیر,خیر، شرکت منتشر کننده نینجا گایدن، بازی ندای وظیفه را منتشر نکرده است.,خیر، شرکت منتشر کننده نینجا گایدن، بازی ندای وظیفه را منتشر نکرده است.,True,
آیا کسی که بازی سوپرتاکس را توسعه داده بازی ندای وظیفه را منتشر کرده است ؟,خیر,خیر، توسعه‌دهنده بازی سوپرتاکس، بازی ندای وظیفه را منتشر نکرده است.,خیر، توسعه‌دهنده بازی سوپرتاکس، بازی ندای وظیفه را منتشر نکرده است.,True,
آیا بازی ندای وظیفه و بازی ایس کمبت ۷: آسمان‌های هر دو توسط یک فرد منتشر شده اند ؟,خیر,خیر، بازی ندای وظیفه و بازی ایس کمبت ۷: آسمان‌های توسط دو شرکت مختلف منتشر شده‌اند.,خیر، بازی ندای وظیفه و بازی ایس کمبت ۷: آسمان‌های توسط دو شرکت مختلف منتشر شده‌اند.,False,
آیا کارگردان فیلم آلیس در شهرها نوسینده فیلم پرومتئوس بوده است ؟,خیر,خیر، کارگردان فیلم آلیس در شهرها، ویم وندرس است و نویسنده فیلم پرومتئوس، ریدلی اسکات می‌باشد.,خیر، کارگردان فیلم آلیس در شهرها، ویم وندرس است و نویسنده فیلم پرومتئوس، ریدلی اسکات می‌باشد.,False,
آیا فیلم آلیس در شهرها و فیلم پرومتئوس محصول یک سال می باشند ؟,خیر,خیر، فیلم آلیس در شهرها در سال 1974 و فیلم پرومتئوس در سال 2012 تولید شده‌اند.,خیر، فیلم آلیس در شهرها در سال 1974 و فیلم پرومتئوس در سال 2012 تولید شده‌اند.,True,
آیا فیلمبرداری فیلم آلیس در شهرها توسط  نویسندگان فیلم پرومتئوس انجام شده است ؟,خیر,خیر، فیلمبرداری فیلم آلیس در شهرها توسط نویسندگان فیلم پرومتئوس انجام نشده است.,خیر، فیلمبرداری فیلم آلیس در شهرها توسط نویسندگان فیلم پرومتئوس انجام نشده است.,True,
آیا فیلم آلیس در شهرها و فیلم نیمه ماه مارس درام می باشند ؟,بله,بله، هر دو فیلم آلیس در شهرها و نیمه ماه مارس درام هستند.,بله، هر دو فیلم آلیس در شهرها و نیمه ماه مارس درام هستند.,True,
آیا فیلم آلیس در شهرها و فیلم نیمه ماه مارس توسط ویم وندرس کارگردانی شده اند ؟,خیر,فقط فیلم آلیس در شهرها توسط ویم وندرس کارگردانی شده است، فیلم نیمه ماه مارس توسط جورج کلونی ساخته شده است.,فقط فیلم آلیس در شهرها توسط ویم وندرس کارگردانی شده است، فیلم نیمه ماه مارس توسط جورج کلونی ساخته شده است.,True,
خانواده سلطنتی شیخ خلیفه بن حمد بن خلیفه آل ثانی از چه سالی بر کشور قطر حکمرانی می‌کنند ؟,سال 1850,از سال 1972,از سال 1972,False,
آیا از خانواده سلطنتی شیخ خلیفه بن حمد بن خلیفه آل ثانی تاکنون 9 نفر به‌عنوان امیر قطر منصوب شده‌اند ؟,بله,خیر، از خانواده سلطنتی شیخ خلیفه بن حمد بن خلیفه آل ثانی تاکنون 5 نفر به‌عنوان امیر قطر منصوب شده‌اند.,خیر، از خانواده سلطنتی شیخ خلیفه بن حمد بن خلیفه آل ثانی تاکنون 5 نفر به‌عنوان امیر قطر منصوب شده‌اند.,False,
کدام یک از فیلم هایی که حفیصه حرزی در آن نقش داشته نخستین بار در بخش رقابتی جشنواره فیلم کن ۲۰۱۱ اکران شد ؟,خانه بردباری,"فیلم ""پرسه در شهر سرد""","فیلم ""پرسه در شهر سرد""",False,
کدام یک از فیلم هایی که حفیصه حرزی در آن نقش داشته در سبک درام است ؟,خانه بردباری,"فیلم ""چند متر مکعب عشق""","فیلم ""چند متر مکعب عشق""",False,
کدام یک از فیلم هایی که حفیصه حرزی در آن نقش داشته در سال ۲۰۱۱ منتشر شد ؟,خانه بردباری,"فیلم ""چند متر مکعب عشق""","فیلم ""چند متر مکعب عشق""",False,
کارگردان کدام یک از فیلم هایی که حفیصه حرزی در آن نقش داشته برتران بونلو بوده است ؟,خانه بردباری,"فیلم ""آنجا"" (Là-bas)","فیلم ""آنجا"" (Là-bas)",False,
فردی که شخصیت تخیلی لوک اسکای‌واکر توسط او پدید آمده است تا چه سالی رئیس کمپانی لوکاس فیلم بود ؟,2012 سال,جورج لوکاس تا سال 2012 رئیس کمپانی لوکاس فیلم بود.,جورج لوکاس تا سال 2012 رئیس کمپانی لوکاس فیلم بود.,True,
فردی که شخصیت تخیلی لوک اسکای‌واکر توسط او پدید آمده است کمپانی لوکاس فیلم را به کدام شرکت فروخت ؟,شرکت والت دیزنی,کمپانی دیزنی,کمپانی دیزنی,True,
آیا فردی که شخصیت تخیلی لوک اسکای‌واکر توسط او پدید آمده است از مهم‌ترین چهره‌های جنبش هالیوود نو بود ؟,بله,بله، فردی که شخصیت لوک اسکای‌واکر را پدید آورده، جورج لوکاس است و او از مهم‌ترین چهره‌های جنبش هالیوود نو به شمار می‌رود.,بله، فردی که شخصیت لوک اسکای‌واکر را پدید آورده، جورج لوکاس است و او از مهم‌ترین چهره‌های جنبش هالیوود نو به شمار می‌رود.,False,
کدام یک از خطرناکترین انواع بیماری‌هایی که توسط برخی انواع پشه منتقل می‌شوند از فیلاریا منشا می‌ گیرد ؟,فیلاریازیس,بیماری لیشمانیوز,بیماری لیشمانیوز,False,
کدام یک از رهبران سیاسی روسیه و متحدانش در ده سالگی به حکومت رسید ؟,پطر کبیر,پیتر بزرگ,پیتر بزرگ,True,
آیا روزنامه ای که جاستین چنگ برای آن می‌نویسد دومین روزنامه بزرگ مناطق شهری در ایالات متحده می‌باشد ؟,بله,بله، روزنامه‌ای که جاستین چنگ برای آن می‌نویسد، دومین روزنامه بزرگ مناطق شهری در ایالات متحده است.,بله، روزنامه‌ای که جاستین چنگ برای آن می‌نویسد، دومین روزنامه بزرگ مناطق شهری در ایالات متحده است.,True,
کدام یک از روزنامه هایی که جاستین چنگ برای آن می‌نویسد در قسمت غربی ایالات متحده آمریکا توزیع می‌شود ؟,لس آنجلس تایمز,لس آنجلس تایمز,لس آنجلس تایمز,True,
لقب نویسنده رمان خورشید همچنان می‌دمد چه بود ؟,پدر ادبیات مدرن,"لقب نویسنده رمان ""خورشید همچنان می‌دمد"" ارنست همینگوی است.","لقب نویسنده رمان ""خورشید همچنان می‌دمد"" ارنست همینگوی است.",False,
آیا نویسنده رمان خورشید همچنان می‌دمد از پایه‌گذاران وقایع‌نگاری ادبی شناخته می شود ؟,بله,"بله، نویسنده رمان ""خورشید همچنان می‌دمد"" از پایه‌گذاران وقایع‌نگاری ادبی شناخته می‌شود.","بله، نویسنده رمان ""خورشید همچنان می‌دمد"" از پایه‌گذاران وقایع‌نگاری ادبی شناخته می‌شود.",True,
از بین مجموعه تلوزیونی اداره و فصل سوم مجموعه کمدی موقعیت اداره کدام یک زودتر پخش شده است ؟,مجموعه تلوزیونی اداره,مجموعه تلویزیونی اداره زودتر پخش شده است.,مجموعه تلویزیونی اداره زودتر پخش شده است.,True,
کدام یک از شرکت‌های هواپیمایی که در فرودگاه بین‌المللی سپهبد شهید قاسم سلیمانی فعال هستند در سال 1351 راه‌اندازی  شده اند ؟,ایران ایرتور,شرکت هواپیمایی ایران ایر (Homa),شرکت هواپیمایی ایران ایر (Homa),False,
آیا دو فیلم فردایی بهتر و قهرمانان گریه نمی‌کنند را جان وو کارگردانی کرده است ؟,بله,خیر، جان وو کارگردان این دو فیلم نیست.,خیر، جان وو کارگردان این دو فیلم نیست.,False,
آیا دو فیلم آرتی شاو: زمان چیزی است که به‌دست آورده‌ای و بی‌خانمانی در آمریکا هر دو در یک سال منتشر شده اند ؟,بله,بله، هر دو فیلم در سال 2021 منتشر شده‌اند.,بله، هر دو فیلم در سال 2021 منتشر شده‌اند.,True,
آیا دو فیلم آرتی شاو: زمان چیزی است که به‌دست آورده‌ای و بی‌خانمانی در آمریکا برنده جایزه اسکار بهترین فیلم مستند شده اند ؟,بله,بله، هر دو فیلم آرتی شاو: زمان چیزی است که به‌دست آورده‌ای و بی‌خانمانی در آمریکا برنده جایزه اسکار بهترین فیلم مستند شده‌اند.,بله، هر دو فیلم آرتی شاو: زمان چیزی است که به‌دست آورده‌ای و بی‌خانمانی در آمریکا برنده جایزه اسکار بهترین فیلم مستند شده‌اند.,True,
از بین نیما عالمیان و نوشاد عالمیان کدام یک فعالیت خود را از سال 2000 شروع کرده‌اند ؟,نیما عالمیان,نیما عالمیان,نیما عالمیان,True,
آیا نیما عالمیان و نوشاد عالمیان هر دو فعالیت خود را از سال 1998 شروع کرده‌اند؟,خیر,بله، نیما عالمیان و نوشاد عالمیان هر دو فعالیت خود را از سال 1998 شروع کرده‌اند.,بله، نیما عالمیان و نوشاد عالمیان هر دو فعالیت خود را از سال 1998 شروع کرده‌اند.,False,
آیا نیما عالمیان و نوشاد عالمیان هر دو اکنون عضو باشگاه توقینیه فویلارد هستند؟,خیر,بله، نیما عالمیان و نوشاد عالمیان هر دو عضو باشگاه توقینیه فویلارد هستند.,بله، نیما عالمیان و نوشاد عالمیان هر دو عضو باشگاه توقینیه فویلارد هستند.,False,
آیا نیما عالمیان و نوشاد عالمیان هر دو بازیکن تنیس روی میز و ملی‌پوش اهل ایران هستند؟,بله,بله، نیما عالمیان و نوشاد عالمیان هر دو بازیکن تنیس روی میز و ملی‌پوش اهل ایران هستند.,بله، نیما عالمیان و نوشاد عالمیان هر دو بازیکن تنیس روی میز و ملی‌پوش اهل ایران هستند.,True,
کارگردان مستند تقاطع تحصیلاتش را در چه رشته ای به پایان برده است ؟,مهندسی کشاورزی,رشته کارگردانی سینما,رشته کارگردانی سینما,False,
آیا کارگردان مستند تقاطع برنده سیمرغ بلورین برای بهترین فیلم مستند شده است ؟,بله,بله، کارگردان مستند تقاطع برنده سیمرغ بلورین برای بهترین فیلم مستند شده است.,بله، کارگردان مستند تقاطع برنده سیمرغ بلورین برای بهترین فیلم مستند شده است.,True,
کارگردان مستند تقاطع سیمرغ بلورین بهترین فیلم مستند را برای کدام فیلم برنده شده است ؟,فیلم نیمه بلند اتاق صعود,"کارگردان مستند تقاطع سیمرغ بلورین بهترین فیلم مستند را برای فیلم ""تقاطع"" برنده شده است.","کارگردان مستند تقاطع سیمرغ بلورین بهترین فیلم مستند را برای فیلم ""تقاطع"" برنده شده است.",False,
کدام یک از فیلم‌های کیم یونگ-کوانگ بیش از 8 جایزه را از آن خود کرده است ؟,پینوکیو,"فیلم ""مردی که به دنیا آمد"" (The Man Who Was Born Again) بیش از 8 جایزه را از آن خود کرده است.","فیلم ""مردی که به دنیا آمد"" (The Man Who Was Born Again) بیش از 8 جایزه را از آن خود کرده است.",False,
کدام یک از فیلم‌های کیم یونگ-کوانگ در چین و تایلند و ژاپن پخش شده است؟,پینوکیو,"فیلم ""مردی که به دنیا آمد"" (The Man Who Was Born Again)","فیلم ""مردی که به دنیا آمد"" (The Man Who Was Born Again)",False,
برشی که روش اکسایش حرارتی تولید یک لایه نازک اکسید بر روی سطح آن می‌کند توسط کدام فرایند برش می‌خورد ؟,برش ویفر یا ویفر دایسینگ,فرایند اکسیداسیون حرارتی,فرایند اکسیداسیون حرارتی,False,
کدام یک از فیلم‌هایی که لقمانی برای آن برنده جایزه شده در جنوب ایران فیلمبرداری شده است ؟,عروس آتش,"فیلم ""چند متر مکعب عشق""","فیلم ""چند متر مکعب عشق""",False,
کدام یک از فیلم‌هایی که لقمانی برای آن برنده جایزه شده را خسرو سینایی کارگردانی کرده است ؟,عروس آتش,"فیلم ""سگ‌کشی""","فیلم ""سگ‌کشی""",False,
آیا جوکیو و گن‌روکو هر دو نام عصر ژاپنی در دوره ادو بودند ؟,بله,بله، جوکیو و گن‌روکو هر دو نام عصرهای ژاپنی در دوره ادو بودند.,بله، جوکیو و گن‌روکو هر دو نام عصرهای ژاپنی در دوره ادو بودند.,True,
تیمی که میشائیل شوماخر  بیشتر دوران ورزشی خود را در آن سپری کرده در چه سالی تاسیس شده است ؟,۱۹۲۹,تیم فراری در سال 1929 تاسیس شده است.,تیم فراری در سال 1929 تاسیس شده است.,True,
آیا عکاس دو فیلم پنج عصر و تخته‌سیاه میثم مخملباف می‌باشد ؟,بله,بله، میثم مخملباف عکاس دو فیلم پنج عصر و تخته‌سیاه است.,بله، میثم مخملباف عکاس دو فیلم پنج عصر و تخته‌سیاه است.,True,
کدام یک از مهم‌ترین موجودات منقرض شده در انقراض هولوسین در جنگل گیر واقع در گجرات هند یافت می‌شود ؟,شیر ایرانی,ماموت,ماموت,False,
کدام یک از ستارگان فیلم عصرجدید در دوره فیلم صامت به شهرت رسید ؟,چارلی چاپلین,چارلی چاپلین,چارلی چاپلین,True,
کدام یک از بازیگران فیلم مارلو وکیل می باشد ؟,آدواله آکینویه آگباجه,دنیل کریگ,دنیل کریگ,False,
آیا بازیگری که در فیلم شهر گمشده زی در نقش پسر پرسی به ایفای نقش پرداخته انگلیسی است ؟,بله,بله، بازیگر نقش پسر پرسی در فیلم شهر گمشده زی انگلیسی است.,بله، بازیگر نقش پسر پرسی در فیلم شهر گمشده زی انگلیسی است.,True,
شرکتی که فیلم منتهای حد کمال از سوی آن منتشر شد توسط چه کسانی تاسیس شد ؟,هاوارد کوهن و اریک دی آربلوف,شرکت فیلم منتهای حد کمال توسط بهرام توکلی و گروهی از همکارانش تاسیس شد.,شرکت فیلم منتهای حد کمال توسط بهرام توکلی و گروهی از همکارانش تاسیس شد.,False,
رمانی که فیلم برای اینکه از آن الهام گرفته شده به چه چیز می‌پردازد ؟,نقد مکتب روان‌شناسی رفتارگرایی,رمان به موضوعات عشق، فراق و چالش‌های انسانی می‌پردازد.,رمان به موضوعات عشق، فراق و چالش‌های انسانی می‌پردازد.,False,
رمانی که فیلم برای اینکه از آن الهام گرفته شده ابتدا در چه سالی به صورت نمایشنامه درآمد؟,۱۹۶۳ سال,رمان مورد نظر در سال 1986 به صورت نمایشنامه درآمد.,رمان مورد نظر در سال 1986 به صورت نمایشنامه درآمد.,False,
کدام یک از سبک‌هایی که فرانک وینسنت زاپا در آن آهنگسازی کرده در دهه ۵۰ میلادی تحت عنوان راک اند رول شکل گرفت؟,راک,راک,راک,True,
از فردی که آغاز فانک راک را به لیتل ریچارد و گروه جاده‌ای‌اش نسبت می‌دهد از پیشگامان چه موسیقی بود ؟,موسیقی فانک,پیشگامان موسیقی راک اند رول,پیشگامان موسیقی راک اند رول,False,
آیا تیمی که هیوستون راکتس در بازی‌های حذفی به مصاف آن رفت دو بار در سالهای ١٩٧٠ و ١٩٧٣ قهرمان لیگ سراسری NBA شده است؟,بله,بله، تیمی که هیوستون راکتس در بازی‌های حذفی به مصاف آن رفت، یعنی نیویورک نیکز، دو بار در سال‌های 1970 و 1973 قهرمان لیگ سراسری NBA شده است.,بله، تیمی که هیوستون راکتس در بازی‌های حذفی به مصاف آن رفت، یعنی نیویورک نیکز، دو بار در سال‌های 1970 و 1973 قهرمان لیگ سراسری NBA شده است.,True,
آیا شرکت ماهان تعداد فروند هواپیمای مسافربری بیشتری از شرکت هواپیمایی ایران ایرتور دارد ؟,بله,بله، شرکت ماهان تعداد فروند هواپیمای مسافربری بیشتری از شرکت هواپیمایی ایران ایرتور دارد.,بله، شرکت ماهان تعداد فروند هواپیمای مسافربری بیشتری از شرکت هواپیمایی ایران ایرتور دارد.,True,
آیا پیروز یکم و محمد ظاهرشاه از پادشاهان ایرانی بودند ؟,خیر,پیروز یکم پادشاه ساسانی و محمد ظاهرشاه پادشاه افغانستان بودند، نه ایران.,پیروز یکم پادشاه ساسانی و محمد ظاهرشاه پادشاه افغانستان بودند، نه ایران.,True,
آیا بازی سایلنت هیل ۲ و بازی ریمن ریوینگ رابیدها در یک سال منتشر شدند ؟,خیر,خیر، بازی سایلنت هیل ۲ در سال 2001 و بازی ریمن ریوینگ رابیدها در سال 2006 منتشر شدند.,خیر، بازی سایلنت هیل ۲ در سال 2001 و بازی ریمن ریوینگ رابیدها در سال 2006 منتشر شدند.,False,
آیا فیلم دیوانه از قفس پرید و بی‌خانمانی در آمریکا برنده جایزه اسکار شده اند ؟,بله,"بله، فیلم ""دیوانه از قفس پرید"" برنده جایزه اسکار شده است، اما ""بی‌خانمانی"" برنده این جایزه نیست.","بله، فیلم ""دیوانه از قفس پرید"" برنده جایزه اسکار شده است، اما ""بی‌خانمانی"" برنده این جایزه نیست.",False,
نخستین تزار روسیه از چند سالگی به حکومت رسید ؟,ده‌سالگی,نخستین تزار روسیه، ایوان چهارم، از 16 سالگی به حکومت رسید.,نخستین تزار روسیه، ایوان چهارم، از 16 سالگی به حکومت رسید.,False,
آیا عنصر شیمیایی با عدد اتمی ۲۶ در فهرست فلزات نجیب قرار دارد شد ؟,خیر,خیر، عنصر شیمیایی با عدد اتمی ۲۶ (آهن) در فهرست فلزات نجیب قرار ندارد.,خیر، عنصر شیمیایی با عدد اتمی ۲۶ (آهن) در فهرست فلزات نجیب قرار ندارد.,True,
کدام یک از بازیگران فیلم سینمایی گرند ماستی در فیلم آقا تقلب نقش آفرینی کرده است ؟,مانجاری فاندیس,بازیگر فیلم سینمایی گرند ماستی که در فیلم آقا تقلب نقش آفرینی کرده است، ویکاس وارده است.,بازیگر فیلم سینمایی گرند ماستی که در فیلم آقا تقلب نقش آفرینی کرده است، ویکاس وارده است.,False,
آیا عدد اتمی آهن از عدد اتمی مس بیشتر است ؟,خیر,خیر، عدد اتمی آهن (26) کمتر از عدد اتمی مس (29) است.,خیر، عدد اتمی آهن (26) کمتر از عدد اتمی مس (29) است.,True,
کدام یک از فلزات نجیب عدد اتمی 29 را دارد ؟,مس,مس,مس,True,
آیا کسی که شخصیت لرد ولدمورت را خلق کرد عمده شهرتش را به دلیل نوشتن مجموعه فانتزی هری پاتر کسب کرده است ؟,بله,بله، ج.ک. رولینگ عمده شهرتش را به دلیل نوشتن مجموعه فانتزی هری پاتر کسب کرده است.,بله، ج.ک. رولینگ عمده شهرتش را به دلیل نوشتن مجموعه فانتزی هری پاتر کسب کرده است.,True,
کسی که قوای قزاق به درخواست او تشکیل شد چندمین پادشاه ایرانی بود که خاطرات خود را نوشت ؟,نخستین,ناصرالدین شاه قاجار,ناصرالدین شاه قاجار,False,
آیا کسی که قوای قزاق به درخواست او تشکیل شد نخستین پادشاه ایرانی بود که خاطرات خود را نوشت ؟,بله,بله، او نخستین پادشاه ایرانی بود که خاطرات خود را نوشت.,بله، او نخستین پادشاه ایرانی بود که خاطرات خود را نوشت.,True,
آیا کسی که قوای قزاق به درخواست او تشکیل شد معروف به قبله عالم بود ؟,بله,بله، شخصی که قوای قزاق به درخواست او تشکیل شد، معروف به قبله عالم بود.,بله، شخصی که قوای قزاق به درخواست او تشکیل شد، معروف به قبله عالم بود.,True,
کسی که قوای قزاق به درخواست او تشکیل شد چه کسی را کشت ؟,امیرکبیر,کسی که قوای قزاق به درخواست او تشکیل شد، محمدعلی شاه قاجار بود که در نهایت به قتل مشروطه‌خواهان و مخالفان خود پرداخت.,کسی که قوای قزاق به درخواست او تشکیل شد، محمدعلی شاه قاجار بود که در نهایت به قتل مشروطه‌خواهان و مخالفان خود پرداخت.,False,
کسی که قوای قزاق به درخواست او تشکیل شد در چند سالگی ترور شد ؟,65,کسی که قوای قزاق به درخواست او تشکیل شد، در 48 سالگی ترور شد.,کسی که قوای قزاق به درخواست او تشکیل شد، در 48 سالگی ترور شد.,False,
کسی که قوای قزاق به درخواست او تشکیل شد نزدیک به چند سال پادشاهی کرد ؟,50 سال,نزدیک به 16 سال,نزدیک به 16 سال,False,
کسی که قوای قزاق به درخواست او تشکیل شد خود را چه نامید ؟,صاحبقران,سردار سپه,سردار سپه,False,
آیا پوغوس پتروسی آفیان و جوزپه فورتونینو فرانچسکو وردی هر دو ایتالیایی بودند ؟,خیر,بله، هر دو ایتالیایی بودند.,بله، هر دو ایتالیایی بودند.,False,
آیا بازی اتومبیل‌دزدی بزرگ نیز مانند بازی سرکش از طراحی جهان باز برخوردار است ؟,بله,بله، بازی اتومبیل‌دزدی بزرگ نیز مانند بازی سرکش از طراحی جهان باز برخوردار است.,بله، بازی اتومبیل‌دزدی بزرگ نیز مانند بازی سرکش از طراحی جهان باز برخوردار است.,True,
کدام یک از علائم و نشانه‌های بیماری سپتیسمی حالتی است که در آن دمای بدن جانوران خون‌گرم از مقدار طبیعی آن بیشتر می شود ؟,تب,هیپرترمی,هیپرترمی,False,
تشنج از نتایج کدام یک از علائم و نشانه‌های بیماری سپتیسمی است ؟,تب,تشنج از نتایج علائم و نشانه‌های سپتیسمی به دلیل عفونت شدید و تاثیر بر سیستم عصبی مرکزی است.,تشنج از نتایج علائم و نشانه‌های سپتیسمی به دلیل عفونت شدید و تاثیر بر سیستم عصبی مرکزی است.,False,
آیا دیوید والاس و لوک اسکای‌واکر هر دو یک شخصیت تخیلی هستند ؟,بله,بله، دیوید والاس و لوک اسکای‌واکر هر دو شخصیت‌های تخیلی هستند.,بله، دیوید والاس و لوک اسکای‌واکر هر دو شخصیت‌های تخیلی هستند.,True,
دیوید والاس و لوک اسکای‌واکر چه نوع شخصیتی هستند ؟,تخیلی,دیوید والاس شخصیت منفی و لوک اسکای‌واکر شخصیت قهرمان و مثبت است.,دیوید والاس شخصیت منفی و لوک اسکای‌واکر شخصیت قهرمان و مثبت است.,False,
آیا دو شخصیت دیوید والاس و لوک اسکای‌واکر توسط مارک همیل به تصویر کشیده‌است ؟,خیر,خیر، مارک همیل فقط شخصیت لوک اسکای‌واکر را به تصویر کشیده است و دیوید والاس را بازی نکرده است.,خیر، مارک همیل فقط شخصیت لوک اسکای‌واکر را به تصویر کشیده است و دیوید والاس را بازی نکرده است.,True,
کدام یک از نرم افزارهایی که جنکینز از آن ها پشتیبانی می کند به صورت یک نرم‌افزار آزاد عرضه می‌شود ؟,آپاچی سابورژن,نرم‌افزار Jenkins به عنوان یک نرم‌افزار آزاد عرضه می‌شود.,نرم‌افزار Jenkins به عنوان یک نرم‌افزار آزاد عرضه می‌شود.,False,
دو بازی فار کرای پرایمال و فار کرای در چه سبکی قرار دارند ؟,اکشن و ماجراجویی,سبک اکشن-ماجراجویی و تیراندازی اول شخص,سبک اکشن-ماجراجویی و تیراندازی اول شخص,False,
