question,answer,id,context_id
ساختار آب چیست؟,اکسید هیدروژن,1624917,114
اکسیژن با کدام عناصر در دماهای بالا پیوند شیمیایی تشکیل می‌دهد؟,تقریباً با تمام عناصر,1624977,114
رضاخان دوران جنگ جهانی را بیشتر در کدام سمت ایران سپری کرد؟,غرب,1637359,123
روس‌های سفید که بودند؟,,1637429,123
از بزرگان خوانین شهریار نام چه کسانی را می‌توان برد؟,کدخدا حسینقلی زند و فرزند ایشان باقرخان زند,1602784,101
چهار پرچم یافت‌شده در کتیبه‌های سنگی دوران ساسانی نماد چه هستند؟,سلطنتی و اشراف‌زادگی,1607913,105
محصولات صادراتی ژاپن چیست؟,تجهیزات حمل و نقل، اتومبیل، صنایع الکترونیک، ماشین آلات الکتریکی و صنایع شیمیایی,1623122,113
مهمترین آثار باستانی استان گیلان کدام است؟,,1610145,106
در سال 1963، گیلان به چند شهرستان تقسیم می‌شد؟,۱۱,1610317,106
بازی‌های آسیایی ۲۰۱۰ در چه مکانی برگزار کردند؟,در جزیرهٔ هایزینشا، با استفاده از رودخانهٔ پرل و برج کانتون به عنوان نقاط کانونی برگزار کردند,1648587,130
لاوازیه در چه سالی متولد شد؟,,1624298,114
موقعیت جغرافیایی کلیسای کاتولیک رم چگونه است؟,,1630220,118
رم در کدام قاره قرار گرفته‌است؟,اروپا,1605283,103
تابع عملکرد جستجوی نورافکن در صفحه سمت چپ صفحه اصلی روی صفحه نمایش به کاربران چه اجازه‌ای می‌دهد؟,به کاربران اجازه می‌دهد تا درون رسانه‌ها، برنامه‌ها، ایمیل‌ها، دفترچه تلفن‌ها و فایل‌های مشابه را جستجو کنند,1621111,112
سالانه حدود چند زمین لرزه در ژاپن رخ می‌دهد؟,۱۵۰۰,1622278,113
گیلکی از نظر زبان شناسی به کجا تعلق دارد؟,به شاخه شمال غربی زبان‌های ایرانی,1609968,106
جان کالوین کولیج معاون کدام رئیس جمهور بود؟,هاردینگ,1635871,122
علیمردان خان بختیاری وکیل‌الدوله  که بود؟,نایب‌السلطنه,1602620,101
مهم‌ترین مسائل غیرنظامی رضاخان چه بود؟,رابطه با بریتانیا و شوروی,1637663,123
سبک آوازی یا تولیدی «به خانه برگرد» سئو تایجی شبیه کدام سبک بود؟,سبک سیپرس هیل,1617421,110
پس از کودتای چه سالی رضاشاه را سردار سپه می‌خواندند؟,۱۲۹۹,1637225,123
ابوموسی اشعری اهل کجا بود؟,,1626553,115
شهرهای سنجار و آمیدا به دست چه کسانی افتاده بود؟,ایرانی‌ها,1642358,126
تأثیر تمدن اژه ای بر تئاتر را شرح دهید.,تمدن باستانی اژه‌ای تأثیر مستقیم زیادی در تحول تئاتر نداشت، اما تئاتر غیرمستقیم آن فوق‌العاده زیاد بود، زیرا خدایان، قهرمانان و تاریخ همین مردم بود که مواد اولیهٔ ایلیاد و ادیسهٔ هومر و اکثر درام‌های یونانی را فراهم آورد. از این رو این تمدن‌ها به جهات مختلف زیربنای ادبیات غرب به‌شمار می‌آیند,1647026,129
مساحت کشور کانادا را بگویید.,۹٬۹۸۴٬۰۰۰ کیلومتر مربع,1639066,124
ریشه یونانی اکسیژن چیست؟,اوکسیس,1624516,114
در چه سالی استفاده از واژه اینترنت معمول شد و مجازا برای اشاره به وب هم استفاده شد؟,سال ۱۹۹۶,1619172,111
انجمن حزبی جمهوری‌خواهان آزادی چیست؟,,1635584,122
شاهکار بینش‌پژوه چند آلبوم منتشر کرد؟,,1617597,110
موسیقی هیپ_هاپ در اوایل کدام دهه ایجاد شد؟,دهه ۱۹۷۰,1616905,110
قهستان در کجا بوده‌است؟,ناحیه بزرگی شامل قم ساوه عراق عجم همدان ری و اصفهان به مرکزیت همدان بوده‌است,1626546,115
انواع تئاتر را نام ببرید.,به جز نوع معیار گفتار دراماتیک، تئاتر نوع های  دیگری نیز دارد؛ مانند اپرا، باله، کابوکی، تعزیه، خیمه شب بازی و پانتومیم,1646747,129
کار برنامه‌نویس بزرگ رایانه چیست؟,,1634401,121
لری پیج و سرگئی برین و اریک اشمیت قبول کردند که چند سال کنار هم کار کنند؟,بیست سال,1611599,107
حاکم اصفهان در زمان مرگ نادر چه کسی بود؟,ابوالفتح‌خان بختیاری,1602619,101
چرا صربیا یکی از مشهورترین کشورها در زمینه رپ در اروپا محسوب می‌شود؟,به لطف وجود گروه رپ سندیکای بلگراد,1617814,110
مسیحی پروتستان چگونه است؟,,1631389,119
مرحله ی بتا را شرح دهید.,مرحله‌ای که آن (نرم‌افزار) اشکال‌زدایی می‌گردد,1644030,127
جین آئو- یونگ در چه سالی متولد شد؟َ,,1617539,110
تیلور اولین مأموریت خود را در چه تاریخی به نتیجه رساند؟,در شب ۲۹ اکتبر ۱۹۶۹ (۱۳۴۸ ه‍. ش),1619054,111
اینترنت شامل چه شبکه‌هایی است؟,شبکه‌های خصوصی، عمومی، دانشگاهی، تجاری و دولتی,1618870,111
طبق مطالعات انجام شده انسان ها از چند سال پیش مراسم آئینی اجرا می کردند؟,انسان از ۳۰۰۰۰ سال پیش مراسم آئینی اجرا می‌کرده‌است,1646967,129
حزب دموکرات ایالات متحده آمریکا توسط چه کسانی تأسیس شد؟,,1635467,122
ماده حاجب پرتونگاری چیست؟,,1640515,125
نویسنده‌ی کتاب «کُرّاسهٔ اَلمَعی» چه کسی است؟ ,غلامحسین افضل‌الملک,1608254,105
مشیرالدوله در خرداد چه سالی دولت تشکیل داد؟,۱۳۰۲,1637604,123
"پیوندهای هیدروژن بین مولکول‌های آب آنها را چند درصد نزدیکتر از آنچه انتظار می‌رود در یک مایع ساده که فقط دارای نیروی واندروالسی باشد، قرار داده‌است؟
",تقریباً ۱۵٪,1624923,114
هرمز سوم در باختر با چه کسی جنگید؟,هپتالیان,1642693,126
چه کسی پیرو برکناری قباد اول توسط اشراف، به تخت شاهنشاهی ساسانی نشست؟,جاماسپ,1642854,126
واحد های بزرگ سیاسی تمدن یونان چه نام دارد؟,پولیس,1647080,129
ماهواره‌های کدام مدارات جهت مشاهدۀ سطح زمین مورد استفاده قرار می‌گیرند؟,مدارات قطبی,1632806,120
یزگرداول با چه کسی ازدواج کرد؟,شاهزاده یهودی,1642525,126
موسیقی رپ در بر گیرنده چیست؟,الفاظ مستهجن، خشن، ضد سفیدپوست و توهین‌آمیز نسبت به زنان,1617304,110
اولین گام در تأسیس صنعت نفت ایران و شرکت نفت انگلوپرشین چه بود؟,چاه شماره یک,1614356,108
منظور از آتریاد چیست؟,تیپ,1637361,123
حسین بن محمد تقی نوری ملقب به چه نامی ‌است؟,خاتم المحدثین,1601228,100
واژهٔ گوگول به چه معنی است؟,عدد یک به همراه صد صفر,1611765,107
کشور شیلی در کدام قاره قرار دارد؟,,1606748,104
اصطلاح شنای سگی به چه معناست؟,سر را بیرون از آب نگه داشته و شنا می‌کند,1645692,128
در زمان صدارت چه کسی در دورهٔ ناصرالدین شاه قاجار، پرچم شیر و خورشید ایران بر فراز سفارت ایران در لندن برافراشته شد؟,امیرکبیر,1608469,105
احمدشاه، ایران را به قصد کدام کشور ترک کرد و هرگز بازنگشت؟,,1637612,123
چرا غواصی عمیق‌تر نیاز به مخلوط شدن مقدار قابل توجهی از اکسیژن با سایر گازها، از جمله نیتروژن یا هلیوم دارد؟,تا از اثر مسمومیت با اکسیژن جلوگیری شود.,1625265,114
بعد از کودتا اسفند 1299 مسعود خان به چه سمتی رسید؟,وزیر جنگ,1637546,123
در جنگ جهانی اول و جنگ جهانی دوم، ژاپن در کدام جبهه قرار داشت؟,در جنگ جهانی اول، ژاپن از متفقین بود و در جنگ جهانی دوم با متفقین می‌جنگید.,1622330,113
بودجه تئاتر ملی از کجا تأمین می گشت؟,امکانات و بودجهٔ خود را از محل خیریه آموزش و پرورش تأمین می‌کرد,1647251,129
اکسیژن عضوی از خانواده عناصر کدوم گروه است؟,گروه کالکوژن,1624231,114
در دهه‌های ۱۹۶۰ تا ۱۹۸۰ گرایش غالب حزب جمهوری‌خواهان را چه گروهی شکل می‌دادند؟,میانه‌روها,1635520,122
چه کسی کادوسیان را شکست داد؟,نی‌نوس شاه آشوری,1609850,106
کدام‌یک از فرهنگ‌ها در فرهنگ ژاپن تاثیر داشتند؟,فرهنگ ژاپن طی هزاران سال از دوره جومون تا به امروز در حال تکامل بوده، فرهنگ معاصر ژاپن بسیار از آسیا، اروپا و آمریکای شمالی تأثیر پذیرفته‌است و در این بین نفوذ فرهنگ چینی پر رنگ‌تر است.,1623174,113
اینترنت از کدام دههٔ به صورت یک شبکهٔ همگانی و جهان‌شمول درآمد؟,از اواسط دههٔ ۱۹۹۰,1618876,111
اینترنت چیست؟,شبکه‌ای از شبکه‌ها,1618869,111
چرا شوروی نظر مساعدی نسبت به رضاخان داشت؟,رهبر مبارزهٔ ملی علیه نفوذ بریتانیا,1637664,123
کلمه‌ی گوگل برگرفته از چه واژه‌ای است؟,,1611604,107
احزاب عمده ی هلند را نام ببرید؟,دموکرات مسیحی، سوسیال دموکرات (کار)، سوسیالیست، حزب سبزها و لیبرال,1631505,119
برای چه کسانی دشوار است که بتوانند وارد جریان اصلی ایالات متحده آمریکا بشوند؟,هنرمندان هیپ هاپ آسیایی,1617531,110
تا چند سال بعد از هوور، جمهوری‌خواهان از قدرت کنار گذاشته شدند؟,۲۰,1635877,122
تمدن اژه ای پیشاهنگ کدام تمدن بود؟,تمدن یونانی,1647022,129
ایوان ساترلند، درچه سالی، لارنس رابرتس را بر آن گماشت که پروژه‌ای را برای ایجاد یک شبکه آغاز نماید؟,سال ۱۹۶۵,1619107,111
در سال ۱۸۴۶ اولین مسابقه ی شنا در کجا و در چه مسافتی برپا شد؟,در مسافت ۴۴۰ یارد در استرالیا,1645462,128
ریشهٔ شبکهٔ عظیم جهانی اینترنت به کدام دههٔ بازمی‌گردد؟,دههٔ ۱۹۶۰,1618874,111
گالریوس در نبرد های پیاپی برچه کسی پیروز شد؟,نرسه,1642193,126
روش‌های ذخیره سازی اکسیژن را نام ببرید؟,شامل کپسول اکسیژن با فشار بالا، فوق سردسازی و ترکیبات شیمیایی است,1625145,114
نخستین آثار ادبیات ژاپنی به کدام زبان سروده شدند؟,زبان چینی کلاسیک,1623176,113
در ژوئن ۲۰۲۰، دادخواستی که توسط دادگاه فدرال کالیفرنیا علیه گوگل تنظیم شد، گوگل را ملزم به پرداخت چه مبلغی کرد؟,۵ میلیارد دلار,1612339,107
دکترین کلیسای کاتولیک بر چه چیزی استوار است؟,اعتقاد نامه نیقیه,1630215,118
لاوازیه چه کسی بود؟,اولین کسی بود که اکسیژن را به‌عنوان یک عنصر شیمیایی مستقل به‌شمار آورد و به‌درستی به نقش آن در سوختن اشاره کرد,1624295,114
تعداد ضربه‌های پا در طی یک دور در شنای پروانه به طور عمومی نسبت به کرال سینه چگونه است؟,کمتر,1627716,116
پاریس در کدام قاره قرار گرفته‌است؟,اروپا,1605288,103
در انتهای مقالهٔ «شیر و خورشید: نشان رسمی دولت ایران» چه تصاویری گردآوری شده‌است؟,تصویرهای گوناگونی از نقوش شیر و خورشید,1608741,105
آبراهام لینکلن در انتخابات ریاست جمهوری در سال ۱۸۶۰ چه کسی را شکست داد و وارد کاخ سفید شد؟,,1635700,122
اولین پادشاه دوران قاجار چه کسی بود؟,,1608256,105
شنا در برنامه های نظامی تمدن های باستانی چه جایگاهی داشت؟,,1645296,128
موسیقی هیپ هاپ، چگونه است؟,به صورت اشعار بسیار ریتمیک پر از تکنیک‌هایی همچون همگونی مصوت‌ها، تجانس آوایی، و قافیه است,1616959,110
در شنای پروانه حرکت پاها مانند حرکت چه چیزی در آب است؟,دلفین,1627662,116
شاهنشاهی ساسانی را چه کسی پایه گذاری کرد؟,اردشیر بابکان,1641784,126
پاتریشیا کرون، مایکل کوک بر اساس متن و تحقیقات باستان‌شناسی معتقدند مسجد الحرام در کجا واقع شده‌است؟,شمال غربی شبه جزیره عربستان,1601119,100
روش پزشکی پرفشار توسط چه کسی ابداع شد؟,,1625209,114
شعار غیررسمی شرکت گوگل توسط چه کسی ابداع شد؟,مهندس گوگل امیت پاتل,1611603,107
شنا در کدام گروه از ورزش ها قرار می گیرد؟,ورزش‌های آبی,1645347,128
چه چیز هایی اثرات اجتماعی بسیاری در طرز رفتار جوان مدرن داشته‌است؟,موفقیت چشمگیر هیپ هاپ --- مخصوصاً سبک رپ گانگستری ---,1617248,110
در چه سالی با تصویب مجلس شورای ملی به رضاشاه لقب رضاشاه کبیر داده شد؟,۱۳۲۸,1637229,123
نام عموی شورشی محمد شاه قاجار که بود؟,حسین‌علی میرزا فرمانفرما,1608417,105
درچه تاریخی بهرام دوم درگذشت؟,۲۹۳,1642134,126
شاپور دوم امپراتوری خود را در کجا برقرارکرد؟,نواحی جنوبی,1642354,126
زیباترین تپه گیلان چه نام دارد؟,,1610147,106
دارالفنون در چه سالی تأسیس شد؟,۱۲۳۰ خورشیدی (۱۸۵۱ میلادی),1603892,102
بسیاری از برنامه‌نویس‌های حرفه‌ای به چه عنوان برای شرکت‌های مشاوره‌ای در محل‌های خدمت گیرنده کار می‌کنند؟,پیمانکار,1634181,121
واژه اینترنت اولین‌بار توسط چه کسی استفاده شد؟,,1619228,111
به چه علت برابرسازی پرداختی ها توسط دولت فدرال کانادا صورت گرفت؟,تا به مردم اطمینان ببخشد که استانداردهای برابری در مورد ارائهٔ خدمات و اخذ مالیات، در میان استان‌های فقیر و غنی، ارائه می‌شود.,1639183,124
موزهٔ ارمیتاژ در کدام کشور است؟,روسیه,1608579,105
به طور کلی با هر حرک دست در شنای پروانه چند بار پای پروانه زده‌ می‌شود؟,دو بار,1627768,116
چرا جاماسپ مالیات ها را کاهش داد؟,به منظور کمک به کشاورزان و فقرا,1642858,126
در سرشماری سال ۲۰۱۶ کانادا، جمعیت ایرانیان به چند نفر رسید؟,حدود ۲۱۰ هزار نفر,1639296,124
چه ورزش هایی تبدیل به سرگرمی  شده اند؟,چوگان,1642638,126
چه کسانی بر اساس متن و تحقیقات باستان‌شناسی تصور کرده‌اند که «مسجدالحرام» در مکه واقع نشده‌است؟,پاتریشیا کرون، مایکل کوک,1601118,100
چه کسی به این نتیجه رسید که اجرای قرارداد ۱۹۱۹ امری غیرممکن است؟,آیرونساید,1637483,123
هاب را تعریف کنید؟,,1618938,111
الکسا چه چیز را بعنوان پربازدیدترین وبگاه اینترنت در فهرستش قرار داده‌است؟,اینترنت وبگاه گوگل در آمریکا,1611712,107
اولین گروه رپ که یک آلبوم هیپ هاپ رومانیایی عرضه کرد در آن به چه موضوعاتی پرداخت؟,«اجتماعی»,1617760,110
شرکت اَپل مجوز استفاده از آی‌اواس برای چه چیزی را نمی‌دهد؟,برای نصب بر روی سخت‌افزارهای شخص ثالث,1621048,112
طوایف عرب خوزستان همگی از چه دسته‌ ای بودند؟,دسته کوچ نشین، غیر ثابت و با اصل و نسب مشخص در شبه جزیره عربستان,1614298,108
چرا ارمنستان همیشه مهم بوده است؟,اهمیت استراتژیک و اقتصادی داشته و به عنوان سرزمین حایل بین ایران و روم بوده.,1642076,126
شنا برای کودکان زیر سه سال به چه صورت می باشد؟,شنا برای کودکان زیر سه سال فقط به صورت به اصطلاح شنای سگی است,1645691,128
استان ها مسئول اکثر چه برنامه هایی هستند؟,برنامه‌های اجتماعی,1639184,124
شگون ها تا چه سده‌ای بر ژاپن حکومت می‌کردند؟,تا نیمه اول سده نوزدهم حکومت مستبدانه خود را بر ژاپن ادامه دادند.,1622839,113
انواع طبل را نام ببرید؟,,1616965,110
آی‌اواس در ابتدا برای کدام دستگاه‌ها توسعه داده می‌شد؟,آیفون و آی‌پاد,1621047,112
به چه علت پیشینه‌ی تاریخی پاسارگاد در طول تاریخ ناشناخته مانده‌است؟,تغییرنام این شهر,1615631,109
ابن بلخی در بیان راه‌های بین شیراز و اصفهان چند راه اصلی نام می‌برد؟,سه راه اصلی,1615739,109
زبان‌های برنامه‌نویسی محبوبی که برای وب و نرم‌افزارهای کاربردی تجاری استفاده می‌شوند را نام ببرید؟,جاوا، سی شارپ، ویژوال بیسیک و پی‌اچ‌پی,1634237,121
در سال ۱۲۸۸ رضاخان برای چه چیزی به زنجان و اردبیل اعزام شد؟,خواباندن شورش‌های طرفداران محمدعلی‌شاه و مخالفان مشروطه,1637356,123
مایکل سندی‌ووجیس در چه سالی متولد شد؟,,1624297,114
چه زمانی جام توماس لیپتون به عنوان نخستین دوره رقابت‌های جام جهانی شناخته می‌شد؟,,1606523,104
شالبافی در کجا و توسط چه کسانی دراستان گیلان رایج است؟,شالبافی در تالش و توسط گالش‌ها,1610202,106
پس از چه رویدادی فعالیت‌های سازمان دارِ تئاتر در اروپای غربی متوقف شد؟,پس از سقوط امپراتوری روم,1647194,129
نام فرد ایرانی که پست‌هایی همچون مشاور ارشد مدیر عامل گوگل و نایب‌رئیس ارشد بخش فروش را در این شرکت داشت چه بود؟,امید کردستانی,1612111,107
دوره‌ی مداری چیست؟,,1632690,120
بزرگترین مشکل استان خوزستان در حال حاضر چیست؟,,1614521,108
کریم‌خان زند خود را چه نامید؟,او خود راوکیل الرعایا نامید,1602561,101
چه چیزی در استان خوزستان قابلیت بالقوهٔ کشاورزی فراوانی ایجاد کرده‌است؟,ساختار جلگه‌ای استان خوزستان,1614462,108
بعد از لیندون بنیز جانسون چه کسی رئیس جمهور شد؟,ریچارد نیکسون,1635932,122
مدار ژئوسنکرون زمین در چه فاصله‌ای از سطح زمین است؟,۳۶۰۰۰ کیلومتری,1633021,120
علی بن موسی الرضا چگونه به شهادت رسید؟ ,,1607979,105
در قرن ۴ام اسلامی برای جمع‌آوری قرائت‌های مختلف قرآنی برای هر قاری چند راوی قرار دادند؟,دو,1601393,100
کادوسیان بنابر استرابو در کجا می‌زیستند؟,در کرانه جنوب غرب دریای خزر و جنوب ارس بین آلبانی در شمال و ماردی در شرق یعنی در بخش کوهستانی مادیه پیرامون پاراچوآتراس,1609849,106
ماهواره‌های مدارات قطبی جهت چه کاری مورد استفاده قرار می‌گیرند؟,مشاهدۀ سطح زمین,1632805,120
در سال 1963، کدام شهرستان کوچک در شمال به گیلان ملحق شد؟,آستارا,1610316,106
نسخه‌های تست بتا به وسیله ی چه گروهی اجرا شد؟,به وسیلهٔ گروهی غیر از تولیدکنندگان,1644189,127
در چه سالی دوپلر مقاله ای راجع به اثر دوپلر بر روی همه ی امواج نوشت؟,۱۸۴۲,1640407,125
آزمایش های سندی‌ووجیس در چه کتابی منتشر شده؟,در مورد احتراق,1624460,114
تعدادی از موضوعات نقاشی انسان های گذشته را نام ببرید.,تصاویری همچون اهلی کردن حیوانات، کشت گندم، اختراع سفالگری و ترک زندگی کوچنشینی یعنی هنگامی که شکارچیان و تهیه‌کنندگان غذا در مکانی مستقر می‌شوند و به کشاورزی و دامداری رو می‌آورند,1646969,129
سنگ نوشته ای که در نزدیکی تخت جمشید است به چه زبانی است؟,فارسی و یونانی,1642019,126
کلیسای کاتولیک اهداف خود را بر چه چیزی تعریف می‌کند؟,گسترش انجیل عیسی مسیح، مدیریت کلیسا از طریق حاکمیت دینی و اعمال خیریه تاسیس بیمارستان، یتیم خانه و مدرسه,1630273,118
طبق نظر غالب محققان الگوی تکاملی تئاتر در جوامع مختلف به چه صورت می باشد؟,غالب محققان این نظر را که تئاتر در همهٔ جوامع از الگوی تکاملی واحدی پیروی کرده‌است و رد می‌کنند,1646912,129
امپراتوری ایران با کدام منطقه در صلح وآرامش بود؟,دشمنان شرقی,1642413,126
باشگاه شنای متروپولیتین لندن بعدها به چه چیزی تغییر نام پیدا کرد؟,انجمن شنای غیر حرفه‌ای,1645465,128
چه چیزی به آهنگسازان هیپ هاپ اجازه داد تا حدودی پارتیتورهای اولیه را به دست آورند؟,ظهور طبل برقی,1617074,110
فرهنگ میان‌رودان چگونه بوده است؟,,1613848,108
مدار ژیودزیکی چیست؟,,1632687,120
توپولوژی چیست؟,,1619056,111
در کدام دهه در هرسال اینترنت رشدی صد درصدی نسبت به سال قبل خود داشته‌است؟,در دهه ۹۰,1619225,111
کاسپین صفت وصفی یا نسبی در زبان‌های انگلیسی و فرانسوی برای کدام واژه است؟,کاسپی,1629046,117
اکسیژن چگونه اجازه می‌دهد تا احتراق به سرعت و پرانرژی انجام شود؟,با غلظت و تراکم بالا,1625375,114
ابن فقیه همدانی در کتاب «اخبار البلدان» آورده‌است که آتش آذرگشنسب تا چه سالی روشن بوده‌است؟,سال ۲۷۴ خورشیدی,1626552,115
تاریخ ژاپن از کجا آغاز می‌گردد؟,آغاز تاریخ ژاپن، با مردمانی از نژاد آینو و مغول به سده‌های پیش از میلاد مسیح بازمی‌گردد,1622619,113
اروگوئه‌ای‌ها به چه علت مسابقات جام جهانی ایتالیا را تحریم کردند؟,از گسترش فاشیسم در ایتالیا ناراضی بودند,1606634,104
مسابقات جام جهانی سال ۱۹۳۸ با حضور چند تیم برگزار شد؟,۱۵ تیم,1606800,104
نظام آموزشی کانادا را شرح دهید.,,1639240,124
یکی از سرویس‌های ارتباطی مهم در دسترس بر روی اینترنت را نام ببرید؟,پست الکترونیک,1619603,111
مشهورترین خوراکی استان گیلان از نظرجهانگردان چیست؟,,1610205,106
در سال 652 هجری در گیلان شهر چگونه شکل می‌گرفت؟,با جمع شدن مردم به‌طور موقت در یک روز و تشکیل بازار یا «گوراب» که از همان انبوهه و گروه گرفته شده بود شکل می‌گرفت,1610257,106
دلیل تأثیر منفی ارتفاع زیاد چیست؟,رقیق شدن سریع اکسیژن روی انسان,1625317,114
چه کسانی مدت‌ها منبع محبوبی برای بریک بودند؟,جیمز براون، باب جیمز، و پارلیامنت,1617019,110
رضاشاه در جوانی به نام ناحیه‌ای که از آن برخاسته بود نامیده می‌شد، آن نام چیست؟,رضا سوادکوهی,1637219,123
دونالد ترامپ چندمین رئیس جمهور آمریکا بود؟,,1635466,122
شهر رم در کدام کشور است؟,ایتالیا,1630276,118
کدام مورخان نگاه سنتی در برابر روش گردآوری قرآن را رد کرده‌اند؟,مایکل کووک و پاتریکا کرون,1601283,100
نقاشی‌ بازدید ناصرالدین شاه از کشور روسیه در سال ۱۸۷۳ م (۱۲۹۰ ه‍.ق)  که شاه را سوار بر اسب در کنار الکساندر دوم امپراتور وقت روسیه می‌نمایاند در کدام موزه نگهداری می‌شود؟,موزهٔ ارمیتاژ روسیه,1608577,105
کدام‌یک از پادشاهان به آئین بودا معتقد بودند؟,,1622785,113
شنا کردن را تعریف کنید.,شناکردن عبارت است از حرکات منظم دست‌ها و پاها و به‌طور کلی بدن که امکان پیشروی موجودات زنده در آب را ممکن می‌سازد.,1645294,128
چه کسی اولین تئاتر زنان ایرانی را راه اندازی کرد؟,امیر سعادت,1647419,129
مایکل سندی‌ووجیس در سال ۱۶۰۴ چه ماده ای را شرح داد؟,ماده موجود در هوا,1624404,114
مهم‌ترین استان کانادا از لحاظ اقتصادی و سیاسی را نام ببرید.,انتاریو,1639125,124
نویسنده‌ی کتاب «کُرّاسهٔ اَلمَعی» چه کسی است؟,,1608633,105
چند اماکن عمومی که می‌توان در آن‌ها از اینترنت استفاده نمود نام ببرید؟,کتابخانه‌ها و کافی‌نتها,1619772,111
ارشد‌الدوله که بود؟,,1637365,123
وظیفه پی بندی و استانداردسازی پروتکل‌های هسته‌ای اینترنت، پروتکل اینترنت نسخه ۴ و پروتکل اینترنت نسخه ۶ بر عهده چه گروهی است؟,گروه ویژه مهندسی اینترنت,1618992,111
در کدام سواحل و در چه تاریخی از شنا در آب به عنوان وسیله‌ای برای درمان استفاده می‌شد؟,سواحل بریتانیای کبیر در اواخر قرن ۱۷ میلادی,1645459,128
کدام حزب ایالات متحده آمریکا با نام جی‌او‌پی یا حزب بزرگ قدیمی نیز شناخته می‌شود؟,حزب جمهوری‌خواه,1635457,122
اشتراک نظر لوی استروس با مکتب کارکرد گرایی چیست؟,لِوی استروس همچون پیروان مکتب کارکرد گرایی، داروینیسم فرهنگی را رد می‌کند و معتقد است که هر جامعه‌ای خط فرهنگی خاصهٔ خود را به وجود می‌آورد,1646856,129
در ابتدای تأسیس گوگل در سال ۱۹۹۸ تا اوت ۲۰۰۱، چه کسی مدیر ارشد اجرایی گوگل بود؟,لری پیج,1611995,107
شبکه استانی صدای مرکز گیلان دارای چند بخش است؟,دو بخش برون مرزی رادیو گرجی و رادیو تالشی,1610540,106
چرا پادشاهان در قرن هشتم دست از زندگی مجلل و اشرافی خود برداشتند؟,برخی از پادشاهان این دوره بعلت گرایش به آئین بودا و تعصب در این دین دست از زندگی مجلل و اشرافی خود برداشتند.,1622784,113
در سال 1909، چه کسی جام توماس لیپتون را در شهر تورین برگزار کرد؟,سر توماس لیپتون,1606520,104
پنتاگون کجاست؟,مقر و فرماندهی وزارت دفاع ایالات متحدهٔ آمریکا,1618875,111
کمدی تا چه سالی به دیونوسیای شهر راه نیافت؟,تا سال‌های ۴۸۷–۴۸۶,1647139,129
بزرگترین و مهم‌ترین زن نمایشگر و خدای‌نامه‌خوان پس از اسلام کیست؟,همسر فردوسی,1647366,129
چه سرویسی با پیدایش اینترنت امکان‌پذیر شد؟,تلفن اینترنتی,1619658,111
یکی از نکات مورد اختلاف بین ساسانی‌ها و رومی‌ها چه بوده‌است؟,ارمنستان,1642075,126
در بمباران اتمی هیروشیما و ناکازاکی، در ژاپن چند نفر جان خود را از دست دادند؟,,1622333,113
عمره ترین شرکای تجاری ژاپن کدام کشور‌ها هستند؟,آمریکا با ۲۲٫۷٪، چین با ۱۳٫۱٪ و کره جنوبی با ۷٫۸٪ عمده‌ترین شرکای تجاری این کشور هستند.,1623121,113
وب توسط چه کسی اختراع شد؟,دانشمندی انگلیسی به نام تیم برنرز لی,1619168,111
نام جمهوری‌خواه از چه چیزی اقتباس گردید؟,از نام حزب جمهوری‌خواهان دموکراتیک که در ابتدای قرن نوزدهم توسط توماس جفرسون بنیان گذاشته شد,1635637,122
ساختمان دارالفنون در کدام قسمت تهران قرار گرفته‌است؟,مرکز شهر تهران,1603949,102
تاریخ بلعمی پرچم امویان را به چه رنگی توصیف کرده‌است؟,سبز,1607967,105
به منظور تمرکززدایی بسیاری از وزارتخانه‌ها و سفارتخانه‌ها هلند در کدام شهر مستقر شده‌اند؟,لاهه,1631394,119
قران توسط زید بن ثابت طی چه مدتی جمع آوری شد؟,۱۴ ماه و تا زمان فوت ابوبکر در سال ۱۳ هجری,1601175,100
در شنای پروانه، پاها حدود چند سانتی‌متر در زیر آب است؟,۳۰ سانتی‌متر,1627717,116
تعداد دانلود اَپ استور در ۶ مارس ۲۰۱۲ چقدر بود؟,بیش از ۲۵ بیلیون بار,1621051,112
روستای آلاشت از توابع کجاست؟,سوادکوه,1637286,123
چگونه هلند با بریتانیا هم‌جوار است؟,دریا,1631397,119
«آئین‌نامه نظامی قواعد مشق و حرکات پیاده‌نظام دولت علیّه ایران» در چه زمانی به چاپ رسید؟,رمضان ۱۲۶۸ ه‍.ق (اوایل صدارت میرزا آقا خان نوری),1608631,105
فروش ۱٫۶۷ میلیارد دلاری سهام گوگل، سرمایه این شرکت را به چه قیمتی رساند؟,بیش از ۲۳ میلیارد دلار,1611829,107
اولین مردی که شنای 100متر کرال سینه را زیر یک دقیقه شنا کرد کیست؟,,1645523,128
پایه اسیدها را چه چیزی تشکیل می‌دهد؟,هیدروژن,1624518,114
در سال 2006 تعداد روستاهای مسکون گیلان به چقدر کاهش یافت؟,۲۶۸۶,1609907,106
دو فضای نام اصلی اینترنت، نشانی پروتکل اینترنت و سامانه نام دامنه توسط چه سازمانی راهبری می‌شوند؟,آیکان,1618990,111
پاپک درچه تاریخی موفق به سرنگون کردن گوچهر از خاندان بازرنگیان شد؟,در سال ۲۰۰,1641841,126
خاندان هوجو به کدام خاندان حکومت را واگذار کرد؟,خاندان هوجو در جدال بر سر قدرت، حاکمیت را به خاندان آشیکاگا واگذار کرد.,1622842,113
نام کامل ون گوگ چیست؟,تئو فان خُخ,1631568,119
واژهٔ گوگول بعد از اختراع شدن توسط میلتون سیروتا در چه کتابی نوشته شد؟,ریاضیات و تخیل,1611767,107
در بازی‌های آسیایی ۱۹۹۰ پکن چند ورزش المپیکی و چند ورزش غیر المپیکی باهم به رقابت پرداختند؟,۲۸ ورزش المپیکی و ۱۴ ورزش غیر المپیکی,1648534,130
فتح هویزه در چه سالی اتفاق افتاد؟,,1614297,108
رضاخان به نصیحت چه کسانی مبنی بر ادامهٔ نظام پادشاهی و عدم تأسیس جمهوری گوش کرد؟,روحانیون بلند مرتبهٔ شیعه,1637722,123
چند نفر در سراسر دنیا بازی فینال جام جهانی سال ۲۰۰۶ را بصورت زنده مشاهده کردند؟,۷۱۵٫۱ میلیون نفر,1606457,104
در سال 1378، چند درصد کل جمعیت روستایی استان خوزستان را عرب‌ها در برمی‌گرفتند؟,۳۸ درصد,1614128,108
در راس کلیسای کاتولیک چه کسی قرار دارد؟,اسقف اعظم رم,1630212,118
تلاش های ایبریایی ها باعث چه چیزی شد؟,درگرفتن جنگی بین ایران و روم شد,1642913,126
در سال 1950، گیلان به چه شهرستان‌هایی تقسیم شده بود؟,طوالش، فومن، بندر پهلوی (انزلی)، رشت و لاهیجان,1610314,106
نور مرئی چیست؟,,1640513,125
یزگرد دوم به کجا لشکر کشید؟,غرب,1642692,126
فرح کریمی به نمایندگی از کدام حزب در مجلس هلند حضور داشته‌است؟,سبزها,1631509,119
دانشگاه جندی شاپور را چه کسانی بنیان‌گذاردند؟,ساسانیان,1613900,108
اولین رهبر مسیحیان کاتولیک جهان چه کسی بود؟,,1630335,118
در ژاپن چند گونه گیاهی وجود دارد؟,بین ۴۰۰۰ تا ۶۰۰۰ گونه گیاهی,1622503,113
اندکی بعد از کودتا اسفند 1299 بیانیه‌های تند و تیزی، یکی از سوی سید ضیاء و دیگری از سوی رضاخان، صادر شد که دربارهٔ چه بود؟,نجات کشور و سلطنت از دست خائنان و نالایقان و بازسازی آن,1637548,123
چند تیم در مسابقات جام جهانی سال 1934 در ایتالیا حضور داشتند؟,۱۶ تیم,1606633,104
چند درصد از مردم گیلان گویش خاوری دارند؟,,1609972,106
به کسی که نرم‌افزار رایانه می‌نویسد چه چیزهایی می‌گویند؟,برنامه‌نویس، برنامه‌نویس رایانه، توسعه‌دهنده، کدنویس، یا مهندس نرم‌افزار,1634127,121
اگر جسمی به سمت زمین در حرکت باشد، از نظر چشم غیرمترقبه در نور مرئی چه میزان متفاوت است؟,تفاوت محسوسی وجود نخواهد داشت,1640568,125
علت نام گذاری شنای تروجن چیست؟,نام نخستین نمایش دهنده آن (جیمز تروج) بر روی آن نهاده شده‌است,1645519,128
چه کسی هفت هفته متوالی جایزه فری استایل فرایدی را در بت ۱۰۶ و پارک که برنامه‌ای مختص هیپ هاپ بود، را از آن خود کرد؟,یک هنرمند رپ چینی- آمریکایی به نام جین آئو- یونگ,1617532,110
به چه دلیل گیلان در سال 1395، استان بدون بار امنیتی عنوان شد؟,دغدغه ای از لحاظ امنیت در سطح کلان در گیلان نداشته‌اند و براساس ارزیابی‌های وزارت کشور ایران، دغدغه ای از لحاظ امنیت در سطح کلان در این استان نبوده‌است,1610371,106
شاپور دوم چه سیاستی را درپی گرفت؟,سیاست دینی بی‌رحمانه,1642409,126
چگونه از پزشکی پرفشار برای بهبودی بیمار استفاده می‌شود؟,استفاده از اکسیژن در فشار بالاتر از فشار اتمسفر، و تسریع درمانی برای بیماری کاهش فشار با هدف کاهش اثرات مضر حباب‌های گاز با کاهش اندازه آن‌ها و فراهم کردن شرایط بهبودی بیمار,1625205,114
چند پروتکل که روی وب استفاده می‌شود را نام ببرید؟,,1619498,111
اروپا چندمین قاره جهان از نظر تراکم جمعیت است؟,دومین,1605122,103
فیس‌بوک در چه سالی در دسترس عموم قرار گرفت؟,,1619829,111
علت مرگ هاردینگ چه بود؟,,1635878,122
منظور از شیطان سرخ چیست؟,اتحاد شوروی,1635995,122
چند روز بعد از به تصویب رسیدن سیزدهمین اصلاحیه قانون اساسی ایالات متحده آمریکا آبراهام لینکلن به قتل رسید؟,۵,1635756,122
در رومانی، بی. یو. جی. مافیا از کجا ظهور کرد؟,پنتلیمون بخارست,1617704,110
غواصان و خدمه زیردریایی‌ها از چه چیزی استفاده می‌کنند؟,از اکسیژن مصنوعی متناسب با فشار,1625261,114
قطعه‌سازی که اغلب از آن تحت عنوان «بیت» یاد می‌شود توسط چه کسی نواخته می‌شود؟,یک دی جی,1616961,110
در چه سالی کمپانی گوگل اعلام کرد که قصد دارد صدها باتری خورشیدی نصب کرده و تا ۱٫۶ مگاوات نیروی برق تولید کند؟,سال ۲۰۰۶,1612280,107
پل باران در مطالعه جامع خود که برای نیروی هوایی ایالات متحده آمریکا منتشر کرده بود چه پیشنهادی داده بود؟,که برای دستیابی به استحکام و مقاومت در برابر حوادث از راه‌گزینی بسته کوچک استفاده شود,1619108,111
دلیل اصلی خارج شدن ۳ تن از فرزندان حسین‌علی میرزا فرمانفرما از ایران به بریتانیا چه بود؟,,1608418,105
در کدام کشور میزبان جام جهانی، قبل ازآغاز مسابقات، زلزله ویرانگر و ۹٫۵ ریشتری شیلی رخ داد؟,شیلی,1606747,104
سلطان تنجی در دوران سلطنت خود چه‌کار هایی انجام داد؟,وی بر خلاف گذشته که امپراتور فقط ریاست قبایل را بر عهده داشت حکومت را مرکزیت قدرت کشور گردانید و این قدرت تمامیت‌خواهی را در سراسر امپراتوری برقرار کرد.,1622727,113
در چه تاریخی با دادخواستی که توسط دادگاه فدرال کالیفرنیا علیه گوگل تنظیم شد، گوگل را ملزم به پرداخت 5 میلیارد دلار کرد؟,ژوئن ۲۰۲۰,1612338,107
حرکات منظم دست‌ها و پاها و به‌طور کلی بدن که امکان پیشروی موجودات زنده در آب را ممکن می‌سازد؛ چه می نامند؟,شناکردن,1645295,128
ارسطو راجع به کمدی چه می گوید؟,ارسطو می‌گوید کمدی از نمایش بدیهه سازی‌های سرخوانِ آوازه‌های آئینی فالیک بیرون آمده‌است,1647140,129
اینترنت از چه شبکه‌هایی تشکیل شده؟,از میلیون‌ها شبکه خصوصی، عمومی، دانشگاهی، تجاری و دولتی در اندازه‌های محلی و کوچک تا جهانی و بسیار بزرگ تشکیل شده‌است,1618933,111
روم کنترل کدام مناطق را به دست می گرفت؟,پنج ساتراپی بین دجله و ارمنستان,1642245,126
مرکز زمین در کجای مسیر ماهواره‌ها قرار دارد؟,مرکز این مسیر یا در نقطۀ کانونی آن,1632748,120
وارن گامالیل هاردینگ در انتخابات ریاست جمهوری سال ۱۹۲۰ آمریکا نامزد کدام حزب بود؟,جمهوری‌خواهان,1635815,122
وب جهان گستر چیست؟,مجموعه‌ای جهانی از اسناد و تصاویر و سایر منابعی است که به وسیله ابرپیوندها با یکدیگر ارتباط منطقی دارند,1619495,111
لاووازیه نام هوای حیاتی را در ۱۷۷۷ به چه نامی تغییر داد؟,اکسیژن,1624515,114
سالن ورودی گوگل پلکس مزین به چه چیزهایی است؟,یک پیانو، تعدادی سرور قدیمی، و جستارهای تحقیقاتی یک پروژه بر روی دیوار,1612166,107
مراسم افتتاحیه بازی‌های آسیایی ۲۰۱۰ در چه تاریخی برگزار شد؟,۱۲ نوامبر,1648586,130
بخش موازی در استان گیلان از ادغام چند بخش تشکیل شده بود؟,چهار بخش,1610311,106
زبان رایج ساسانیان چه بود؟,,1642914,126
اینترنت امکان دسترسی به رایانه‌های دیگر و انباره‌های اطلاعات را چگونه به کاربران رایانه می‌دهد؟,از راه دور,1619441,111
شهرهای تورنتو و اتاوا در کدام استان قرار دارند؟,استان انتاریو,1639126,124
میزان مهاجرت مردم خوزستان به شهرهای شمالی در سال 1399 چقدر بوده است؟,,1614579,108
رابرت تیلور متولد چه سالی بود؟,,1619055,111
هنگامی که علی بن موسی الرضا به ولایت عهدی رسید، بر خلاف سنت عباسیان چه رنگی را به عنوان رنگ خود برگزید؟,رنگ سبز,1607977,105
دریای تتیس، اقیانوس آرام را به کدام اقیانوس متصل می‌کرد؟,اطلس,1628826,117
آلبوم شاهکار بینش‌پژوه دارای چه سبکی است؟,سبک رپ طنز,1617595,110
علت وجود برخی واژگان فرانسوی در زبان هلندی چیست؟,دوره‌های تسلط فرانسویان بر این منطقه,1631627,119
خانواده نوش‌آفرین آیرملو بعد از کدام جنگ در تهران ساکن شده بودند؟,اصالتی گرجی یا ایروانی,1637298,123
یکی از محبوب ترین گروه‌ها در رومانی را نام ببرید؟,گروه پارازیتی,1617707,110
با توجه به کتاب «کُرّاسهٔ اَلمَعی» پرچم «بیرق قاپوق» در کجا در اهتزاز بوده‌است؟,محل اعدام مجرمان,1608255,105
شاپور چگونه کشته شد؟,بر اثر فروپاشی سقف بر سرش,1641846,126
رضاشاه در کدام روستا متولد شد؟,آلاشت,1637285,123
عملیات بمباران اتمی هیروشیما و ناگازاکی به فاصله چند روز انجام شد؟,به فاصله ۳ روز,1622896,113
چه کسی تحت تأثیر میرزا فتحعلی آخوند زاده پنج نمایشنامه نوشت؟,میرزا آقا تبریزی,1647306,129
در ژانویه ۲۰۱۱ گوگل اعلام کرد که دسترسی کاربران ایرانی به چه نرم‌افزارهایی آزاد است؟,گوگل ارث، پیکاسا و مرورگر کروم,1612675,107
ون گوگ در چه سالی به قتل رسید؟,۲۰۰۴,1631570,119
لطفعلی خان آخرین فرمانروای زند در چه سالی به دست آغا محمدخان قاجار کشته شد؟,سال ۱۲۰۹ هجری قمری,1602675,101
کدام جزء از جمهوری‌خواهان معتقد هستند که ایالات متّحده باید در عرصه‌ی خارجی سیاست‌هایی تهاجمی را دنبال کند و با کشورهایی که مزاحم منافع این کشورند، به شدّت برخورد کند؟,نومحافظه‌کاران,1636050,122
کدام کشور توانست موفق به کسب رتبهٔ نخست در جدول مدال‌ها در بازی‌های آسیایی ۲۰۱۰ شود؟,چین,1648755,130
صنایع دستی استان خوزستان را نام ببرید؟,,1613788,108
مرکز کالیفرنیا کدام شهر است؟,,1611775,107
اصلی‌ترین عامل پیشرفت آئین بودائی در ژاپن چه بود؟,تبلیغات غیر آزارنده و مسالمت‌آمیز، پرهیزکاری و اطاعت و انقیاد نسبت به حکومت بود.,1622674,113
 استراحت، رفع فشار و معالجه اضطراری برای غواصان و خدمه زیردریایی‌ها در چه عمق و فشاری است؟,عمق نسبتاً کم (عمق ۶ متر یا کمتر) در فشارهای حداکثر ۲٫۸ بار,1625263,114
چه کسی کادوسیان را مجبور کرد که با مادها بجنگند؟,یک پارسی به نام پارسد,1609852,106
قسمت‌هایی از موسیقی سنتی کره را نام ببرید؟,پانسوری یا نانگک (موسیقی کشاورزان),1617420,110
مسعود خان کیست؟,,1637551,123
رپ تور نیویورک توسط چه کسی حمایت می‌شد؟,اروپا,1617652,110
بزرگ‌ترین شاخه از کلیسای مسیحی کدام است؟,کلیسای کاتولیک,1630211,118
کریم خان زند به کدام شرکت در بوشهر پروانه زدن تجارتخانه  داد؟,شرکت انگلیسی هند شرقی,1602837,101
مهم‌ترین احزاب سیاسی فعال ژاپن کدام احزاب می‌باشد؟,حزب لیبرال دموکرات، حزب دموکراتیک ژاپن، حزب کومه جدید، حزب کمونیست ژاپن، حزب سوسیال دموکرات,1623066,113
بارنه‌یود در چه سالی جسد خود را به مدرسه فروخت تا با مرگ وی شاگردان به تشریح بدن او بپردازند؟,,1604064,102
کلیسای کاتولیک چند میلیارد نفر پیرو دارد؟,یک و نیم میلیارد نفر,1630210,118
ساسانیان چه نوع حکومتی داشتند؟,,1642915,126
قسمت اعظم رپ در چه غالبی موجود است؟,نوشته‌های رسا,1617308,110
اولین کلیسای کاتولیک در کجا ساخته شد؟,,1630214,118
باب دیلن در چه سالی رپ انجام می‌داد؟,سال ۱۹۶۰,1617306,110
استاروسلسکی افسر کدام کشور بود؟,روس,1637424,123
شاخص امید به زندگی در مردان و زنان در ژاپن چقدر می‌باشد؟,شاخص امید به زندگی در مردان ۷۲/۶۴ و در زنان ۸۶/۳۹ می‌باشد.,1622563,113
در چه سالی گوگل سیاست استراحت ابتکاری را به وجود آورد؟,,1611942,107
شاهنشاهی ساسانی چند سال بر ایران حکومت کردند؟,۴۲۷ سال,1641782,126
شورای المپیک آسیا در سال ۲۰۱۰ با ورود چه رشته‌ای به بازی‌ها موافقت کرد؟,رشتهٔ کریکت (بیست۲۰),1648643,130
ایستگاه‌های رادیویی هیپ هاپ تا چه سالی پا به عرصه وجود گذاشتند؟,تا سال ۱۹۸۲,1617651,110
نام قرائت‌های مختلف قرآنی چیست؟,,1601396,100
چرا آتش‌سوزی که باعث کشته شدن خدمه آپولو ۱ در آزمایش سکوی پرتاب شد، خیلی سریع گسترش یافت؟,زیرا کپسول حاوی اکسیژن تحت فشاری در حدود ۱ اتمسفر بود,1625378,114
استان خوزستان در کجا واقع است؟,جنوب‌غربی ایران,1613781,108
 لئونارد کلینراک چه کسی بود؟,استاد دانشگاه کالیفرنیا,1619110,111
انگلیسی‌ها در تجارت با کریم خان زند چه دادو ستدی داشتند؟,انگلیسی‌ها پارچه‌های پشمی به ایران می‌آوردند و در برابر کریم خان ایشان را از حق گمرک معاف نمود,1602838,101
چرا برادر فرج‌الله بهرامی به مدرس سیلی‌ زد؟,,1637724,123
وحی چیست؟,,1601011,100
مخالفان رضاشاه معتقدند پهلوی یکم چه چیزهایی را در ایران نابود کرد؟,دموکراسی، مجلس، انتخابات و آزادی,1637165,123
چند درصد مردم چین به مسیحیت روی آوردند؟,,1623179,113
در حال حاضر مرکز استان خوزستان کدام شهر است؟,شهر اهواز,1613790,108
کتیبه‌های سنگی دوران ساسانی درحال حاضر در کجا نگهداری می‌شوند؟ ,,1607915,105
نشان جمهوری اسلامی ایران به چه رنگی در میانه‌ی نوار سفید قرار دارد؟,رنگ سرخ,1607859,105
مدرس از چه کسی سیلی خورد؟,برادر فرج‌الله بهرامی,1637721,123
به چه علت بخش زیادی از کانادا خالی از سکنه است؟,به دلیل سرما و نزدیکی به قطب شمال,1639072,124
در پی چه چیزی لینکلن اعلامیه معروف خود مبنی بر آزادی برده‌ها را اعلام کرد؟,پیروزی نظامی و معنوی دولت فدرال بر ایالت‌های تجزیه طلب جنوبی,1635751,122
در چه تاریخی سازمان اروپایی پژوهش دربارهٔ ذرات - پروژه وب جهان گستر را به اطلاع عموم رساند؟,ششم اوت ۱۹۹۱,1619167,111
کتاب‌خانه‌های کد پایه چیست؟,,1634403,121
بعد از مرگ هاردینگ چه کسی عهده‌دار پست ریاست جمهوری شد؟,جان کالوین کولیج,1635870,122
وضعیت تئاتر در سده ی هجدهم اروپا به چه شکل بود؟,,1646970,129
احتراق مجاورت، ایجاد شده در طول جنگ جهانی دوم، متکی به چیست؟,رادار داپلر,1640673,125
مهم ترین ایالت-شهرهای یونان باستان را نام ببرید.,آتیکا (آتن)، اسپارت، کورِنت، تِب، مگارو آرگوس,1647081,129
جین آئو- یونگ در چه سالی توانست هفت هفته متوالی جایزه فری استایل فرایدی را در بت ۱۰۶ و پارک که برنامه‌ای مختص هیپ هاپ بود، از آن خود کند؟,سال ۲۰۰۲,1617533,110
فرهنگ مینوسی در چه بازه ی تاریخی شکفته بود؟,از سال ۲۵۰۰ تا ۱۴۰۰ پیش از میلاد,1647023,129
سردار رومی چه چیز هایی را پس گرفت؟,سرزمین‌های از دست رفته,1641960,126
اروندرود در کجا قرار دارد؟,,1614465,108
چند درصد از مردم خوزستان در سال 1395، در سکونتگاه‌های روستایی زندگی می‌کردند؟,۲۴/۵ درصد,1614126,108
یک مثال متداول برای اثر داپلر بزنید.,شنیدن صدای ماشینی است که از دور با آژیر نزدیک می‌شود و عبور می‌کند و سپس دور می‌شود,1640460,125
نقاشی رژهٔ ارتش بریتانیا در برابر ملکه ویکتوریا و ناصرالدین شاه قاجار متعلق به چه سالی است؟,۱۸۷۳ م (۱۲۹۰ ه‍.ق),1608525,105
در دوره‌ی رئیس‌الوزرایی رضاخان، چه گروهی بیشترین نقش را در تبلیغات گسترده برای برپایی جمهوری داشت؟,ارتش,1637719,123
درچه سالی اردشیر با خاموش کردن شورش هایی از طرف دیگر برادرهایش که اعدام شدند،خود را حکمران پارس خواند؟,۲۰۸,1641845,126
هندوستان به استعمارچه کسانی درآمده بود؟,انگلیسی‌ها,1602840,101
فشار کپسولی که باعث کشته شدن کشته شدن خدمه آپولو ۱ در آزمایش سکوی پرتاب شد باید چقدر ‌می‌بود؟,باید فشار آن حدود ۱⁄۳ فشار محیط باشد,1625379,114
اکسیژن قبل از سال ۱۶۰۴ توسط چه کسی جداسازی شد؟,مایکل سندی‌ووجیس,1624290,114
در اواخر دوره قاجار ایران به چند بخش تقسیم شده بود؟ ,نوزده بخش,1610310,106
به چه دلیل کمیتهٔ المپیک کویت در ژانویه ۲۰۱۰ به حالت تعلیق درآمد؟,به دلیل دخالت‌های سیاسی دولت این کشور,1648699,130
کلیسای کاتولیک رومی از بزرگ‌ترین کلیساهای کدام دین در جهان است؟,مسیحیت,1630209,118
جمعیت تخمینی عرب‌های استان خوزستان بر‌پایه آمار ذکر شده در سال 1378 چند نفر بوده‌است؟,بین یک میلیون و هشتصد هزار تا دو میلیون نفر,1614129,108
حجم دریای خزر چند کیلومتر مکعب است؟,۷۷۰۰۰۰,1629099,117
رضاشاه پس از رسیدن به پادشاهی و گزیدن نام خانوادگی پهلوی به چه اسمی شناخته شد؟,رضاشاه پهلوی,1637226,123
در کدام کشور کمیسر اطلاعات، پس از اطمینان از اینکه گوگل در دریافت اشتباه اطلاعات، اطلاعات «مهمی» را دریافت نکرده‌است گوگل را تبرئه کرد؟,بریتانیا,1612621,107
اصالت نوش‌آفرین آیرملو چیست؟,گرجی یا ایروانی,1637297,123
ملیون که بود؟,,1637367,123
سامانه‌های خودگردان اینترنت با چه چیزی به هم متصل شده‌اند؟,روتر,1618872,111
آشناترین ترکیب اکسیژن چیست؟,آب,1624918,114
اولین آهنگ رپ فارسی با گرایشی عامه‌پسند توسط چه کسی تولید شد؟,حسن شماعی‌زاده,1617590,110
کشور مکزیک در کدام قاره واقع شده‌است؟,,1606803,104
پایتخت کانادا کجا می باشد؟,اُتاوا,1639070,124
شنای تروجن در چه سالی ابداع شد؟,سال ۱۸۷۸,1645518,128
سیستم عامل آی‌اواس چند نسخه دارد؟,,1621114,112
امپراتور در ژاپن بر اساس کدام معیار انتخاب می‌شود؟,,1623012,113
امیر کبیر در کجا به قتل رسید؟,,1608472,105
بخش عمده در‌آمدهای اقتصادی ژاپن مربوط به چیست؟,صادرات,1623120,113
درجه یاور معادل چیست؟,ستوان,1637289,123
شعار غیررسمی شرکت گوگل چه بود؟,شرور نباشید,1611602,107
داستان موسیقی هیپ هاپ، عموماً درمورد چیست؟,اغلب مربوط به یک همتای خیالی,1616958,110
نتیجه آزمایش‌های مایکل سندی‌ووجیس درمورد ماده موجود در هوا چه بود؟,تشخیص داد که این ماده معادل محصول جانبی گازی است که با تجزیه حرارتی پتاسیم نیترات آزاد می‌شود,1624406,114
در پایان دوره ریاست جمهوری لیندون بنیز جانسون چه چیزهایی باعث شد تا جمهوری‌خواهان مجدداً به حکومت دعوت شوند؟,ناکامی در جنگ ویتنام و رشد روحیه محافظه کاری در میان مردم,1635930,122
اندرو جانسون بعد از قتل لینکلن چه چیزی را در دستور کار خویش قرار داد؟,بازسازی اقتصادی جنوب و مبارزه با آخرین بقایای برده داری,1635758,122
چند تیم اروپایی در نخستین دوره رقابت‌های جام جهانی فوتبال حاضر بودند؟,۴ تیم,1606577,104
 اولین زن نمایشگر ایرانی متعلق به کدام سلسله می باشد؟,ساسانیان,1647367,129
اولین لشکرکشی شاپور دوم به کدام منطقه بود؟,روم در غرب,1642357,126
اقتصاد ژاپن در کدام دهه پیشرفت کرد؟,دهه ۱۹۶۰م,1622950,113
صدای و سیمای مرکز گیلان فعالیت خود را با چه دستگاهی آغاز کرد؟,فرستنده رادیویی ۷۵ واتی که آنتن آن در اداره پست و تلگراف گیلان نصب شده بود,1610538,106
متن بیانیه سید ضیاء بعد از کودتا اسفند 1299 چیست؟,,1637552,123
ژاپن در مقام مقایسه با کشور‌های دیگر در کدام مرتبه قرار می‌گیرد؟,در مقام مقایسه به‌طور تقریبی کشور ژاپن یک بیستم آمریکا، یک نهم هندوستان، یک و نیم برابر بریتانیا و چیزی کمتر از یک چهارم ایران است.,1622451,113
اکسیژن سطح دریا از کجا خارج و به سمت کجا افزایش می‌یابد؟,در اطراف استوا خارج شده و به سمت قطب‌ها افزایش می‌یابد,1624742,114
نامزد جمهوری‌‌خواهان در نخستین انتخابات ریاست جمهوری پس از تأسیس این حزب، که بود؟,جان فریمونت,1635694,122
چرا امروزه مردم‌شناسان، جوامع ابتدایی را فرو دستانه برآورد نمی کنند؟,آن‌ها دریافته‌اند که اگرچه جوامع پیشرفته از دانش تخصصی و فنون بهره‌مندی بیشتری دارند، اما در مقابل، غالباً از نظر همبستگی و یکپارچگی ویژه‌ای که در جوامع کمتر پیشرفته وجود دارد، دچار کمبود قابل توجهی هستند,1646910,129
کریستیان یوهان دوپلر کیست؟,فیزیکدان اتریشی,1640405,125
هیئت مدیره بین‌المللی واترپلو و کمیته بین‌المللی شنا در چه سالی پا گرفتند؟,سال ۱۹۲۸,1645631,128
قبل از عرضه اولیه، چه سهمی از گوگل در اختیار یاهو بود؟,۸٫۴ میلیون,1611830,107
چند نفر از مجلس نمایندگان ژاپن را زنان تشکیل داده‌اند؟,,1623011,113
ون گوگ توسط چه کسی به قتل رسید؟,یک مراکشی,1631571,119
برنامه ی مسابقات شنای مردان در المپیک تا سال 1952 شامل چه رقابت هایی می شد؟,رقابت‌های کرال سینه، کرال پشت و قورباغه,1645574,128
لئونارد کلینراک تئوری‌ مسیریابی سلسله مراتبی را در چه سالی ارائه کرد؟,سال ۱۹۶۷,1619112,111
چرا در بین مرزها بازرگانی و ازدواج و حتی جاسوسی را ممکن می‌ساخت؟,رفت‌وآمد بین مرزها آزاد بود,1642073,126
مهندس گوگل امیت پاتل، شعار غیر رسمی شرکت گوگل را در چه سالی ثبت کرد؟,,1611605,107
ساختمان اصلی گوگل به چه نامی شناخته می‌شود؟,گوگل‌پلکس,1612164,107
اولین خواننده هیپ هاپ در فرانسه چه کسی بود؟,,1617653,110
ژاپن از چند جزیره تشکیل شده‌است؟,بیش از ۶۸۰۰ جزیره,1622386,113
نام 3 خواهر ناتنی رضاه چیست؟,,1637301,123
در لغت‌نامه دهخدا واژه گیلان به چه معناست؟,محل سکونت گیل‌ها,1609793,106
 دلیل کافی برای کشف اکسیژن توسط سندی‌ووجیس از دیدگاه بوگاج چیست؟,جداسازی اکسیژن و ارتباط مناسب ماده با آن قسمت از هوا که برای زندگی لازم است,1624407,114
جان دالتون درمورد جرم اتمی اکسیژن به چه نتیجه‌ای رسیده‌‌بود؟,به این نتیجه رسید که جرم اتمی اکسیژن ۸ برابر بیشتر از هیدروژن است,1624572,114
میان‌رودان تحت سلطه کدام کشور بود؟,ایران,1642074,126
قدمت شنا کردن به حدود چند سال قبل از میلاد بر می گردد؟,,1645407,128
هنرهای هفتگانه را نام ببرید.,,1647368,129
یکی از پرفروش‌ترین آلبوم‌های سال ۲۰۰۵ برای چه گروهی بوده؟,گروه رپ سندیکای بلگراد,1617816,110
در طی لشگرکشی چه کسی به مسیحیانی که در لشکرش بودند مشکوک شد و آن‌ها را از حکومت و ارتش اخراج کرد؟,یزدگرد دوم,1642689,126
اولین وب سایتی که در شبکه قرار گرفت درمورد چه بود؟,,1618996,111
پرچم امویان بر طبق گفتهٔ طبری به چه رنگی بوده‌است؟,سفید,1607966,105
جاذبه‌های تاریخی تفرش را نام ببرید؟,,1626436,115
چرا بسیاری از وزارتخانه‌ها و سفارتخانه‌ها هلند خارج از پایتخت آن مستقر شده‌اند؟,تمرکززدایی,1631393,119
در چه بازه ی زمانی فدراسیون‌های ملی شنا در چندی از کشورهای اروپایی شکل گرفتند؟,در سال ۱۸۸۲ تا ۱۸۸۹,1645466,128
برای مردم عراق عجم، منطقه‌ خزر همسایه چگونه است؟,جهانی درهم برهم و واژگون هویت خودشان است,1610485,106
پزشکی پرفشار چیست؟,یک درمان پزشکی است,1625203,114
در بعضی از گویش‌های رایج در استان خوزستان «بختیاری» برای ادای حرف «خ» از چه حرفی بهره می‌گیرد؟,«ح»,1614071,108
درفش کاویانی چه زمانی ازبین رفت؟,پس از سرنگونی ساسانیان,1641789,126
مجتمع کاغذسازی هفت‌تپه به تولید چه چیزی می‌پردازد؟,استفاده از ضایعات نیشکر به تولید کاغذ می‌پردازد,1614463,108
آخرین فرمانروای زند کیست؟,لطفعلی خان,1602673,101
بلشویک‌ها که بودند؟,,1637428,123
سه عنصر فراوان در کیهان را نام‌ ببرید؟,هیدروژن و هلیوم، اکسیژن,1624234,114
خطوط زمینی پهن باند از چه طریقی است؟,از طریق کابل کواکسیال، فیبر نوری یا سیم مسی,1619771,111
پا زدن در شنای پروانه شبیه به پا زدن در کدام حرکت شنا است؟,کرال سینه,1627714,116
مرادعلی خان در کدام سال خورشیدی در جنگ کشته شد؟,۱۲۳۵,1637293,123
دفتر مرکزی شرکت یاهو در کجا قرار دارد؟,,1611831,107
معاون لینکلن چه کسی بود؟,اندرو جانسون,1635757,122
زبان رسمی کشور کانادا چیست؟,,1639073,124
 امروزه پذیرفته ‌ترین نظریه درباره ی خاستگاه تئاتر چیست؟,منشأ آئینی امروز پذیرفته‌ترین نظریه دربارهٔ خاستگاه تئاتر است,1646911,129
چرا تجارت قند و چای در انحصار ایران بود؟,,1637843,123
شنای پروانه نیاز به چه چیزی دارد تا صورت بگیرد؟,تکنیک مناسب,1627661,116
در سال 1950 گیلان به چند شهرستان تقسیم شده بود؟,پنج شهرستان,1610312,106
ابن فقیه همدانی در کتاب «اخبار البلدان» آورده‌است که :آبادی طبرس در سده اول هجری از تعلقات کجا بوده؟,همدان,1626551,115
تئاتر در کدام دسته از هنرها جای می گیرد؟,تئاتر یکی از شاخه های  هنرهای نمایشی است,1646746,129
خواننده رپ با چه چیزی همراهی می‌شود؟,«بیت»,1616960,110
به کدام قسمت اروپا، اروپای جوان گفته می‌شود؟,,1605287,103
کتاب محبوب باغ گیاه‌شناسی اثر کیست؟,اراسموس داروین,1624519,114
منظور از میانه‌روها چیست؟,,1635523,122
در انتخابات ریاست جمهوری سال ۱۹۲۰ آمریکا وارن گامالیل هاردینگ چه کسی را شکست داد؟,جیمز کاکس دموکرات,1635816,122
پاسارگاد در فارسنامه ابن بلخی به چه نامی ذکر شده‌است؟,کمه,1615633,109
تراژدی کمدی های دوره ی نئو کلاسیک را بیشتر با چه عنوانی نام می برند؟,بیشتر با عنوان «عشق در برابر شرف» یا «شنل و شمشیر» یا «عشق و وظیفه» نام می‌برند,1647479,129
اولین بار در چه تاریخی مسابقه ی شنا در مسافت ۴۴۰ یارد در استرالیا برپا شد؟,سال ۱۸۴۶,1645463,128
چند بازی چند نفره نام ببرید؟,,1619939,111
چند مورد از سوغاتی‌های استان گیلان را نام ببرید؟,محصولات کشاورزی و دامی، پرندگان، ماهی‌ها، ترشیجات و مربا، صنایع دستی ابریشمی، چوبی و حصیری از جمله سوغاتی‌های گیلان هستند,1610198,106
مرز بین دو گویش عمده خاوری و باختری کجاست؟,سفیدرود,1609967,106
معنای لغوی تئاتر چیست؟,,1647480,129
اینترنت در چه سال‌هایی دوره‌های کوتاهی از رشد انفجاری داشته‌است؟,سال‌های ۱۹۹۶و۱۹۹۷,1619226,111
تصاویر و اسناد و سایر پرونده‌ها می‌تواند چگونه ارسال شود؟,به صورت پیوست نامه الکترونیک,1619606,111
مساحت اصلی ژاپن را کدام جزایر تشکیل داده‌است؟,۹۸٪ مساحت ژاپن از چهار جزیره به نام‌های هوکایدو، هونشو، شیکوکو و کیوشو تشکیل شده‌است.,1622388,113
 به نمایشی که به شکل جدی و مصیبت بار آغاز می‌شود اما شادمانه و با پایان خوش به اتمام می‌رسد؛ چه می گویند؟,تراژدی‌کمدی,1647478,129
این بیم وجود داشت که با خروج نیروهای بریتانیایی، تهران هدف حمله‌ی چه کسانی واقع شود؟,بلشویک‌ها و نیروهای تحت حمایت آن‌ها,1637484,123
ماهواره‌ها نیروی خود را از چه طریقی می‌گیرند؟,سلول‌های خورشیدی,1632916,120
قاره اروپا بعد از کدام قاره، دومین قاره کوچک جهان است؟,قاره اقیانوسیه,1605116,103
موسیقی هیپ هاپ در چه زمانی در کره جنوبی محبوبیت یافت؟,در اواسط دهه نود قرن بیستم,1617361,110
پیروزی رونالد ریگان در ابتدای دهه ۱۹۸۰، پیروزی کدام جناح حزب جمهوری‌خواه بود؟,جناح راست,1635989,122
گوگل داکیومنت چیست؟,,1612730,107
کدام دریا بزرگ‌ترین دریاچه جهان است؟,دریای خزر,1628878,117
در چه سالی مسابقات جام جهانی برای اولین بار از طریق تلویزیون پخش شدند؟,۱۹۵۴,1606689,104
ژاپنی‌ها چگونه در ساخت کاغذ از گیاهان استفاده می‌کنند؟,,1622508,113
چه کسانی نشان دادند که نسبت حجمی هیدروژن نسبت به اکسیژن در آب ۲ به ۱ است؟,ژوزف لویی گیلوساک و الکساندر فون هومبولت,1624574,114
مخالفان رضاشاه او را مسئول برباد رفتن چه چیزی در ایران می‌دانند؟,مشروطیت,1637164,123
سلطان درجهٔ نظامی برابر با چیست؟,سرهنگ,1637291,123
کلیسای کاتولیک به چند آیین اصلی کلیسا باور دارد؟,هفت,1630217,118
سؤال همیشگی والدینی که علاقمند هستند فرزندانشان شنا یاد بگیرند چیست؟,چه موقع باید آموزش شنا را شروع کرد,1645688,128
چه کسی شنای پروانه را ابداع کرد؟,,1627663,116
پیش از وقوع مهاجرت گسترده در جریان قرن بیستم و پس از آن، جمعیت خوزستان غالباً از چند گروه زبانی تشکیل می‌شد؟,دو گروه زبانی,1614183,108
رضاشاه پهلوی در چه سال‌هایی پادشاه ایران بود؟,از ۱۳۰۴ تا ۱۳۲۰ خورشیدی,1637104,123
ناصرالدین شاه در چه سالی از دنیا رفت؟,,1604009,102
نوار سیلیسیمی چیست؟,,1624866,114
فرهنگ بودایی در کدام قرن به رشد و شکوفایی رسید؟,قرن هشتم,1622780,113
دیگر چهرهٔ شاخص کودتا اسفند 1299 که بود؟,سید ضیاءالدین طباطبایی,1637549,123
 در چه سالی برای اولین بار مسابقات جام جهانی دارای مرحله گروهی شدند؟,۱۹۳۴,1606631,104
چه کشورهایی از قاره اروپا یک بار میزبان مسابقات جام جهانی بوده‌اند؟,سوئیس ، سوئد ، انگلستان ،اسپانیا ، آلمان ،روسیه و آلمان غربی,1606460,104
در بازه 1996 تا 2006 چند نفر از گیلان مهاجرت کردند؟,۱۷۷٬۷۰۷ نفر,1609910,106
به چه دلیل رشته بدن‌سازی در سال ۲۰۱۰ از برنامه رقابت‌های بازی‌های آسیایی کنار گذاشته شد؟,به دنبال انتقاد از نحوه و کیفیت داوری در رقابت‌های رشتهٔ بدن‌سازی در بازی‌های سال ۲۰۰۶,1648645,130
ساسانیان با چه کسانی دشمنی داشتند؟,اشکانیان,1642078,126
در چه روزهایی گیلان گردشگران زیادی را به سوی خود جلب می‌کند؟,روزهای تعطیل و غیرتعطیل,1610372,106
مرحله ی توسعه و بلوغ برای یک قطعه نرم افزار را شرح دهید.,,1644243,127
گروه ویژه مهندسی اینترنت چه گروهی است؟,سازمانی بین‌المللی و غیرانتفاعی است و هر فردی می‌تواند در وظایفشان با آن مشارکت کند,1618993,111
کلیه روستاهای دهستان رودبار در چه منطقه‌ای قرار گرفته؟,منطقه‌ای کاملاً کوهستانی,1626606,115
صدا و سیمای مرکز گیلان در چه سالی فعالیت خود را شروع کرد؟,۱۳۳۴,1610537,106
یک نرم‌افزار پیام‌رسان نام ببرید؟,,1619390,111
چند عضو شورای المپیک آسیا در بازی‌های آسیایی ۲۰۱۰ حضور پیدا کردند؟,۴۵ عضو,1648697,130
در کدام کشور برای اولین بار مسابقات جام جهانی  دارای مرحله گروهی شدند؟,ایتالیا,1606632,104
مردم شهرستان اندیمشک و شوش به چه زبانی صحبت می‌کنند؟,زبان لری بالاگریوه ای,1614239,108
نام پسر یزدگرد اول چه بود؟,نرسی,1642526,126
در سال 1381 شمسی، در مکاتبات انگلیسی، نام دریای شمال ایران چه چیزی اعلام شد؟,کاسپین,1628936,117
شعار رونالد ریگان در انتخابات سال 1980 چه بود؟,کاهش مالیات‌ها، کاهش هزینه‌های دولت، تقویت بودجه نظامی و کاهش دخالت‌های دولت در امر بخش خصوصی,1635991,122
چه چیزی در صفحات وب پربیننده می‌تواند سود زیادی دربرداشته باشد؟,تبلیغ برخط,1619549,111
 تغییر سرخ و تغییر آبی در چه مقیاسی اتفاق می افتد؟,در مقیاس بسیار کمی,1640567,125
تفرش با چه جاذبه‌هایی همه ساله پذیرای انبوه مسافران از اقصی نقاط ایران می‌باشد؟,جاذبه‌های طبیعی و تاریخی و امامزاده‌های متعدد,1626434,115
حزب لیبرال کانادا را توضیح دهید.,,1639353,124
شاپور پیروزی خودش را چگونه جشن گرفت؟,شاپور پیروزی خود را با کنده‌کاری کردن یک نقش برجسته شکوهمند در نقش رستم و بیشاپور,1642018,126
چه کسی در نشریهٔ خود دربارهٔ کشف حجاب و آزادی زنان نوشت و به دلیل شکایت ناظر شریعت زندان محکوم شد؟,ابراهیم خواجه‌نوری,1637896,123
هدف بنیانگذاران گوگل از انتخاب واژه‌ی گوگول چه بود؟,نشان دادن این موضوع بود که موتور جستجوی مورد نظر آنها قرار است که جستجو را در انبوهی از اطلاعات به انجام رساند,1611768,107
چه چیزی در ریه‌ها به جابجایی کربن مونوکسید از گروه هموگلوبین کمک می‌کند؟,افزایش غلظت اکسیژن,1625207,114
مزار کاشف السلطنه چند سال قدمت دارد؟,,1610431,106
"کدام دانشنامه در مدخل ""دید عوام نسبت به هویت گیلانی"" می‌نویسد؟",دانشنامه ایرانیکا,1610484,106
ابن مجاهد در چه قرنی می‌زیست؟,چهارم هجری,1601450,100
در سال 2012 جمهوری آذربایجان روزانه چند هزار بشکه نفت از دریای خزر استخراج می‌کرد؟,۸۹۰,1629156,117
چه کسی جانشین خوبی برای برادر خود نبود؟,اردشیر دوم,1642469,126
مواد اولیه ی ایلیاد و ادیسه ی هومر از کدام تمدن گرفته شده است؟ ,تمدن باستانی اژه‌ای,1647027,129
در چه سالی قباد اول گریخت؟,۴۹۸,1642803,126
آبشار نیاگارا در کدام کشور می باشد؟,کانادا,1639239,124
برنامه‌نویس‌ها در بخش‌های سازمان فناوری اطلاعات چه شرکت‌هایی کار می‌کنند؟,شرکت‌های نرم‌افزاری بزرگ، شرکت‌های خدمت‌رسانی کوچک و نهادهای دولتی,1634179,121
